"rec","rep","D","D_ends","D_theory","R","R_theory","H","spp","abd","pie","site"
"trimodal3set_photoscan_2chunk_DEM_7mm_proj_clip",1,2.17126608302313,1.95438349453089,2.15438349453089,1.82991301843809,1.18498355848541,2.10617923736572,3,6,0.5,"megaplot"
"trimodal3set_photoscan_2chunk_DEM_7mm_proj_clip",2,2.23331224022497,2.02865617023961,2.22865617023961,1.90793820987323,1.2561215355564,1.94678258895874,13,21,0.848072562358277,"megaplot"
"trimodal3set_photoscan_2chunk_DEM_7mm_proj_clip",3,2.2628986316809,2.05596630050182,2.25596630050182,1.64520084944237,1.16983931033242,1.41429567337036,17,37,0.842951059167275,"megaplot"
"trimodal3set_photoscan_2chunk_DEM_7mm_proj_clip",4,2.35696119180738,2.15842778291275,2.35842778291275,1.89901290969727,1.24218155332389,1.20363092422485,26,52,0.904585798816568,"megaplot"
"trimodal3set_photoscan_2chunk_DEM_7mm_proj_clip",5,2.24658474858416,2.0483800896289,2.2483800896289,2.32083875663033,1.30569474732333,2.00803184509277,17,23,0.930056710775047,"megaplot"
"trimodal3set_photoscan_2chunk_DEM_7mm_proj_clip",6,2.3044201439771,2.08414756351756,2.28414756351756,2.18596620023924,1.2792188838094,1.68560457229614,15,30,0.84,"megaplot"
"trimodal3set_photoscan_2chunk_DEM_7mm_proj_clip",7,2.24659031591402,2.04202594338137,2.24202594338137,2.26580000475691,1.3012082363972,2.03564023971558,26,39,0.908612754766601,"megaplot"
"trimodal3set_photoscan_2chunk_DEM_7mm_proj_clip",8,2.17569479806349,1.9586209106625,2.1586209106625,2.12638021622533,1.27764438340491,2.59605646133423,22,29,0.946492271105826,"megaplot"
"trimodal3set_photoscan_2chunk_DEM_7mm_proj_clip",9,2.161550155532,1.91440683689565,2.11440683689565,1.46533755206281,1.10376780237135,1.77789354324341,7,12,0.805555555555556,"megaplot"
"trimodal3set_photoscan_2chunk_DEM_7mm_proj_clip",10,2.17883539776837,1.97061796801059,2.17061796801059,1.71500931351774,1.11888074566787,1.57173156738281,3,6,0.5,"megaplot"
"trimodal3set_photoscan_2chunk_DEM_7mm_proj_clip",11,2.25573642049033,2.05996195225546,2.25996195225546,1.92403105456395,1.19632669431362,1.50879907608032,9,15,0.826666666666667,"megaplot"
"trimodal3set_photoscan_2chunk_DEM_7mm_proj_clip",12,2.35936193053726,2.14079507318619,2.34079507318619,1.61475805701736,1.15183117737265,0.992457389831543,12,39,0.72715318869165,"megaplot"
"trimodal3set_photoscan_2chunk_DEM_7mm_proj_clip",13,2.35875387573755,2.14638797948524,2.34638797948524,1.59640170030855,1.13864964812286,0.927338600158691,13,17,0.906574394463668,"megaplot"
"trimodal3set_photoscan_2chunk_DEM_7mm_proj_clip",14,2.42932103661535,2.22171035561413,2.42171035561413,1.57091755189503,1.13530745256559,0.705064296722412,5,7,0.73469387755102,"megaplot"
"trimodal3set_photoscan_2chunk_DEM_7mm_proj_clip",15,2.31797879996619,2.10857814415426,2.30857814415426,1.99422691319369,1.26410316555029,1.50125169754028,16,23,0.907372400756144,"megaplot"
"trimodal3set_photoscan_2chunk_DEM_7mm_proj_clip",16,2.31863290832134,2.12995878978803,2.32995878978803,1.71997736869202,1.19213339227629,1.16996383666992,21,31,0.940686784599376,"megaplot"
"trimodal3set_photoscan_2chunk_DEM_7mm_proj_clip",17,2.24366087791241,2.03983652775055,2.23983652775055,2.14195597732361,1.28265530211778,1.97894525527954,9,11,0.87603305785124,"megaplot"
"trimodal3set_photoscan_2chunk_DEM_7mm_proj_clip",18,2.08987378469732,1.8948940535787,2.0948940535787,2.20094904665983,1.16831333519145,2.45960569381714,22,34,0.901384083044983,"megaplot"
"trimodal3set_photoscan_2chunk_DEM_7mm_proj_clip",19,2.23818166963729,2.04271550413515,2.24271550413515,1.52089730971301,1.12309698847447,1.24698257446289,16,33,0.795224977043159,"megaplot"
"trimodal3set_photoscan_2chunk_DEM_7mm_proj_clip",20,2.25473569047849,2.04871997865107,2.24871997865107,1.61359375147803,1.15373850311792,1.37468099594116,15,30,0.851111111111111,"megaplot"
"trimodal3set_photoscan_2chunk_DEM_7mm_proj_clip",21,2.20174875484586,2.01168256506447,2.21168256506447,1.39550771435715,1.08205679547229,1.12270212173462,17,34,0.804498269896194,"megaplot"
"trimodal3set_photoscan_2chunk_DEM_7mm_proj_clip",22,2.25438005611461,2.05383226863476,2.25383226863476,1.48211601369972,1.1518427434005,1.34159564971924,9,13,0.804733727810651,"megaplot"
"trimodal3set_photoscan_2chunk_DEM_7mm_proj_clip",23,2.11608999867119,1.89807270143342,2.09807270143342,1.64139254191217,1.14300420646391,2.22918844223022,0,0,0,"megaplot"
"trimodal3set_photoscan_2chunk_DEM_7mm_proj_clip",24,2.21792135526714,1.99843665075334,2.19843665075334,1.88571268361639,1.2314949068033,2.04393339157104,15,31,0.795005202913632,"megaplot"
"trimodal3set_photoscan_2chunk_DEM_7mm_proj_clip",25,2.24884423136463,2.03992855006096,2.23992855006096,1.93841089981874,1.19212614803605,1.59835243225098,22,61,0.920182746573502,"megaplot"
"trimodal3set_photoscan_2chunk_DEM_7mm_proj_clip",26,2.38579267386934,2.16924110727172,2.36924110727172,1.77789185681095,1.19523117220341,1.02997446060181,19,58,0.888228299643282,"megaplot"
"trimodal3set_photoscan_2chunk_DEM_7mm_proj_clip",27,2.39359675440265,2.17625375248781,2.37625375248781,1.62601996125485,1.16313600260032,0.91216516494751,25,67,0.913789262642014,"megaplot"
"trimodal3set_photoscan_2chunk_DEM_7mm_proj_clip",28,2.33328895372615,2.10084698566684,2.30084698566684,1.57611416545994,1.14273116591167,1.10280418395996,11,35,0.840816326530612,"megaplot"
"trimodal3set_photoscan_2chunk_DEM_7mm_proj_clip",29,2.28414225401088,2.07346239082377,2.27346239082377,1.61451411627164,1.13731146231364,1.18784666061401,10,36,0.850308641975309,"megaplot"
"trimodal3set_photoscan_2chunk_DEM_7mm_proj_clip",30,2.32653291575207,2.11532001681092,2.31532001681092,1.7645940165077,1.18766437884685,1.21521282196045,11,19,0.814404432132964,"megaplot"
"trimodal3set_photoscan_2chunk_DEM_7mm_proj_clip",31,2.20059381906066,1.97712354674727,2.17712354674727,2.22875714456583,1.34254917209618,2.74273157119751,22,33,0.934802571166208,"megaplot"
"trimodal3set_photoscan_2chunk_DEM_7mm_proj_clip",32,2.10180992128035,1.90401240406374,2.10401240406374,1.97270655157606,1.11041850928349,1.90425872802734,11,16,0.890625,"megaplot"
"trimodal3set_photoscan_2chunk_DEM_7mm_proj_clip",33,2.29321537318574,2.09336125220277,2.29336125220277,1.14364571732952,1.02614463083455,0.471030235290527,3,6,0.5,"megaplot"
"trimodal3set_photoscan_2chunk_DEM_7mm_proj_clip",34,2.2971893978965,2.09076122936553,2.29076122936553,1.24566395655737,1.0371156394731,0.567834854125977,1,1,0,"megaplot"
"trimodal3set_photoscan_2chunk_DEM_7mm_proj_clip",35,2.25649202435512,2.0422094321445,2.2422094321445,1.39566218484507,1.10320240829567,1.1384105682373,13,23,0.899810964083176,"megaplot"
"trimodal3set_photoscan_2chunk_DEM_7mm_proj_clip",36,2.12228149131508,1.91384220078824,2.11384220078824,1.48221038668226,1.05307375104552,1.25854158401489,5,8,0.75,"megaplot"
"trimodal3set_photoscan_2chunk_DEM_7mm_proj_clip",37,2.22628872056187,2.04675566572035,2.24675566572035,1.0962821819992,1.02010063476028,0.484687805175781,4,4,0.75,"megaplot"
"trimodal3set_photoscan_2chunk_DEM_7mm_proj_clip",38,2.29586946453751,2.09082810776967,2.29082810776967,1.0659659928836,1.01559774111232,0.366073131561279,1,1,0,"megaplot"
"trimodal3set_photoscan_2chunk_DEM_7mm_proj_clip",39,2.25985976374816,2.04305310286391,2.24305310286391,1.24893426874569,1.03295743917006,0.63064432144165,7,7,0.857142857142857,"megaplot"
"trimodal3set_photoscan_2chunk_DEM_7mm_proj_clip",40,2.26192981942664,2.08543254290225,2.28543254290225,1.45179762995073,1.07062760446849,0.804441452026367,6,7,0.816326530612245,"megaplot"
"trimodal3set_photoscan_2chunk_DEM_7mm_proj_clip",41,2.22410369228518,2.02300580203225,2.22300580203225,2.14491529660703,1.26466271529403,2.0219292640686,18,43,0.763656030286641,"megaplot"
"trimodal3set_photoscan_2chunk_DEM_7mm_proj_clip",42,2.19757164197117,1.99850582698946,2.19850582698946,2.14828366066774,1.33619038459802,2.51965284347534,17,23,0.922495274102079,"megaplot"
"trimodal3set_photoscan_2chunk_DEM_7mm_proj_clip",43,2.22752744173264,2.01545170328039,2.21545170328039,1.83336381880747,1.2221700824562,1.88373279571533,20,40,0.89125,"megaplot"
"trimodal3set_photoscan_2chunk_DEM_7mm_proj_clip",44,2.20693215458636,1.97032208614523,2.17032208614523,2.10714728273271,1.26465947932698,2.42694473266602,34,52,0.94008875739645,"megaplot"
"trimodal3set_photoscan_2chunk_DEM_7mm_proj_clip",45,2.20208861832883,1.99811123488812,2.19811123488812,2.0025245421547,1.2725153985581,2.2404580116272,13,15,0.906666666666667,"megaplot"
"trimodal3set_photoscan_2chunk_DEM_7mm_proj_clip",46,2.25857792495862,2.04081163046979,2.24081163046979,2.24666425296797,1.27465209139058,1.94073534011841,12,18,0.845679012345679,"megaplot"
"trimodal3set_photoscan_2chunk_DEM_7mm_proj_clip",47,2.350429543883,2.14160066743447,2.34160066743447,1.83889145455402,1.20319300112531,1.15849828720093,24,37,0.910153396639883,"megaplot"
"trimodal3set_photoscan_2chunk_DEM_7mm_proj_clip",48,2.43420750582333,2.23376092819336,2.43376092819336,1.62928124107845,1.12219842761765,0.6406569480896,18,46,0.888468809073724,"megaplot"
"trimodal3set_photoscan_2chunk_DEM_7mm_proj_clip",49,2.36147935889698,2.18112896529372,2.38112896529372,1.42501601053472,1.07120180667477,0.579796314239502,13,50,0.8368,"megaplot"
"trimodal3set_photoscan_2chunk_DEM_7mm_proj_clip",50,2.45074611588093,2.2500256557475,2.4500256557475,1.62632616665142,1.12219518291062,0.605534076690674,18,46,0.889413988657845,"megaplot"
"trimodal3set_photoscan_2chunk_DEM_7mm_proj_clip",51,2.43718779086566,2.22363176679641,2.42363176679641,1.44887254297431,1.07481259751041,0.513360500335693,11,57,0.831640504770699,"megaplot"
"trimodal3set_photoscan_2chunk_DEM_7mm_proj_clip",52,2.36324429097309,2.14772890889149,2.34772890889149,1.50400885240173,1.09467859214858,0.754875659942627,22,67,0.888839385163734,"megaplot"
"trimodal3set_photoscan_2chunk_DEM_7mm_proj_clip",53,2.37832127630942,2.15088837340885,2.35088837340885,1.73137231046553,1.18174598957433,1.0557713508606,19,33,0.918273645546373,"megaplot"
"trimodal3set_photoscan_2chunk_DEM_7mm_proj_clip",54,2.34247570643193,2.13002561408916,2.33002561408916,1.78366652480965,1.22943991474086,1.28904867172241,22,31,0.936524453694069,"megaplot"
"trimodal3set_photoscan_2chunk_DEM_7mm_proj_clip",55,2.17805768820077,1.96915661392073,2.16915661392073,2.48662039663961,1.22519657142471,2.22809648513794,22,38,0.907202216066482,"megaplot"
"trimodal3set_photoscan_2chunk_DEM_7mm_proj_clip",56,2.11604343408739,1.8941370888669,2.0941370888669,1.1880932990603,1.02082654303519,0.837447643280029,2,5,0.32,"megaplot"
"trimodal3set_photoscan_2chunk_DEM_7mm_proj_clip",57,2.23179281647135,2.03176442789048,2.23176442789048,1.19033558415543,1.0247351799892,0.566991329193115,5,6,0.777777777777778,"megaplot"
"trimodal3set_photoscan_2chunk_DEM_7mm_proj_clip",58,2.29377009590881,2.06593355474063,2.26593355474063,1.51584372598778,1.09824516638264,1.02185392379761,4,11,0.545454545454545,"megaplot"
"trimodal3set_photoscan_2chunk_DEM_7mm_proj_clip",59,2.29469296280112,2.11475803051652,2.31475803051652,1.7534952154686,1.12608616730766,0.983877658843994,5,5,0.8,"megaplot"
"trimodal3set_photoscan_2chunk_DEM_7mm_proj_clip",60,2.25023411977844,2.04742737007429,2.24742737007429,1.79279438859901,1.16031085573648,1.41220998764038,7,10,0.82,"megaplot"
"trimodal3set_photoscan_2chunk_DEM_7mm_proj_clip",61,2.20733944394452,2.04435614415747,2.24435614415747,1.54808400394558,1.07567571697174,0.961258888244629,1,1,0,"megaplot"
"trimodal3set_photoscan_2chunk_DEM_7mm_proj_clip",63,2.17170067201271,1.9519203505883,2.1519203505883,1.17009498331187,1.01597426133137,0.599604606628418,5,12,0.611111111111111,"megaplot"
"trimodal3set_photoscan_2chunk_DEM_7mm_proj_clip",64,2.03520060699724,1.87012796398193,2.07012796398193,1.91819432680446,1.07845894021422,1.79148769378662,17,32,0.861328125,"megaplot"
"trimodal3set_photoscan_2chunk_DEM_7mm_proj_clip",65,2.33366654921092,2.12016890481102,2.32016890481102,1.60828249242814,1.16981093182134,1.13205242156982,15,24,0.871527777777778,"megaplot"
"trimodal3set_photoscan_2chunk_DEM_7mm_proj_clip",66,2.27973168036066,2.0655046558513,2.2655046558513,1.80342389566445,1.17221754373502,1.37860870361328,29,67,0.915125863221207,"megaplot"
"trimodal3set_photoscan_2chunk_DEM_7mm_proj_clip",67,2.32875660605821,2.13224950145349,2.33224950145349,1.60471181722786,1.14928018045239,1.01306486129761,32,67,0.943194475384273,"megaplot"
"trimodal3set_photoscan_2chunk_DEM_7mm_proj_clip",68,2.32667419350711,2.10481515933206,2.30481515933206,1.76679925471423,1.16383577991554,1.17111349105835,10,20,0.855,"megaplot"
"trimodal3set_photoscan_2chunk_DEM_7mm_proj_clip",69,2.38460831442846,2.18161321322847,2.38161321322847,1.70934863659109,1.14883446761754,0.852399349212646,13,18,0.907407407407407,"megaplot"
"trimodal3set_photoscan_2chunk_DEM_7mm_proj_clip",70,2.32674100468533,2.10858667075377,2.30858667075377,1.66171268144402,1.10252000564298,0.901322364807129,11,17,0.878892733564014,"megaplot"
"trimodal3set_photoscan_2chunk_DEM_7mm_proj_clip",71,2.41830675023747,2.22582863106443,2.42582863106443,1.36031042496342,1.06724849388367,0.482143878936768,19,58,0.897740784780024,"megaplot"
"trimodal3set_photoscan_2chunk_DEM_7mm_proj_clip",72,2.41883708864842,2.23697017247369,2.43697017247369,1.59869503392821,1.10560195942959,0.586669445037842,19,59,0.900316001149095,"megaplot"
"trimodal3set_photoscan_2chunk_DEM_7mm_proj_clip",73,2.4224910944428,2.21405593908518,2.41405593908518,1.52172811099444,1.07402901480781,0.527797222137451,17,49,0.883798417326114,"megaplot"
"trimodal3set_photoscan_2chunk_DEM_7mm_proj_clip",74,2.45405664498479,2.26193080488939,2.46193080488939,1.47660682516715,1.08556078078877,0.482001781463623,15,53,0.867924528301887,"megaplot"
"trimodal3set_photoscan_2chunk_DEM_7mm_proj_clip",75,2.51699933933475,2.30819520544378,2.50819520544378,1.47511687851777,1.09723668920164,0.438938617706299,17,81,0.865112025605853,"megaplot"
"trimodal3set_photoscan_2chunk_DEM_7mm_proj_clip",76,2.4679877251904,2.24123691344276,2.44123691344276,1.66294578524024,1.16710524541423,0.737704277038574,20,54,0.89917695473251,"megaplot"
"trimodal3set_photoscan_2chunk_DEM_7mm_proj_clip",77,2.25893003730313,2.05450948579937,2.25450948579937,1.87367092978189,1.18789115316108,1.50129508972168,10,24,0.871527777777778,"megaplot"
"trimodal3set_photoscan_2chunk_DEM_7mm_proj_clip",78,2.20431941577518,1.99417763802345,2.19417763802345,2.27473181123804,1.25145487441304,2.17155170440674,10,16,0.8671875,"megaplot"
"trimodal3set_photoscan_2chunk_DEM_7mm_proj_clip",79,2.17326374461122,1.94674209092079,2.14674209092079,1.15051098074525,1.02152220583754,0.709559440612793,0,0,0,"megaplot"
"trimodal3set_photoscan_2chunk_DEM_7mm_proj_clip",80,2.25163598904212,2.02633237597981,2.22633237597981,1.08988107150044,1.01730089123455,0.482314586639404,1,1,0,"megaplot"
"trimodal3set_photoscan_2chunk_DEM_7mm_proj_clip",81,2.1985523162462,1.94886816740699,2.14886816740699,1.3950535867727,1.08393493038491,1.41227579116821,4,6,0.666666666666667,"megaplot"
"trimodal3set_photoscan_2chunk_DEM_7mm_proj_clip",82,2.23158170335803,2.02240081632437,2.22240081632437,2.20222834558281,1.26616893525577,2.03260612487793,8,14,0.795918367346939,"megaplot"
"trimodal3set_photoscan_2chunk_DEM_7mm_proj_clip",83,2.23003192598587,2.02394837695722,2.22394837695722,2.32340087507235,1.31249742326249,2.21290588378906,10,12,0.888888888888889,"megaplot"
"trimodal3set_photoscan_2chunk_DEM_7mm_proj_clip",84,2.24011277817067,2.02485568693333,2.22485568693333,2.47285597348242,1.37762128542098,2.45885562896729,16,23,0.914933837429111,"megaplot"
"trimodal3set_photoscan_2chunk_DEM_7mm_proj_clip",86,2.13043667518389,1.90207186502388,2.10207186502388,1.12580515530373,1.01831171981429,0.763484477996826,1,1,0,"megaplot"
"trimodal3set_photoscan_2chunk_DEM_7mm_proj_clip",87,2.17070390947038,1.98127441880817,2.18127441880817,2.2964626091877,1.24327659000807,2.22957134246826,16,40,0.81125,"megaplot"
"trimodal3set_photoscan_2chunk_DEM_7mm_proj_clip",88,2.41474508629237,2.22287764183797,2.42287764183797,1.56228599400224,1.134494136983,0.699970722198486,17,38,0.903047091412742,"megaplot"
"trimodal3set_photoscan_2chunk_DEM_7mm_proj_clip",89,2.35652619868327,2.16388656006048,2.36388656006048,1.64219385397105,1.12903778389164,0.840081214904785,22,64,0.9140625,"megaplot"
"trimodal3set_photoscan_2chunk_DEM_7mm_proj_clip",90,2.33770239740019,2.14567973340317,2.34567973340317,1.64762623436881,1.10411267120471,0.799026966094971,18,67,0.861661840053464,"megaplot"
"trimodal3set_photoscan_2chunk_DEM_7mm_proj_clip",91,2.35521446374473,2.1392211680837,2.3392211680837,1.67811407690241,1.14411244863219,0.970444679260254,30,64,0.9150390625,"megaplot"
"trimodal3set_photoscan_2chunk_DEM_7mm_proj_clip",92,2.48184322446543,2.27738951185731,2.47738951185731,1.67054563278561,1.12982591439685,0.568702220916748,17,32,0.912109375,"megaplot"
"trimodal3set_photoscan_2chunk_DEM_7mm_proj_clip",93,2.4875335038316,2.27132439607646,2.47132439607646,1.7046164955582,1.13006872417548,0.581358909606934,16,50,0.8632,"megaplot"
"trimodal3set_photoscan_2chunk_DEM_7mm_proj_clip",94,2.46860145549318,2.25436066875943,2.45436066875943,1.57825179020028,1.13858310643764,0.637693881988525,27,52,0.930473372781065,"megaplot"
"trimodal3set_photoscan_2chunk_DEM_7mm_proj_clip",95,2.33670142727055,2.13864687459343,2.33864687459343,1.50752785201946,1.09397039656594,0.77596378326416,20,57,0.914742997845491,"megaplot"
"trimodal3set_photoscan_2chunk_DEM_7mm_proj_clip",96,2.46013560213143,2.24684465542053,2.44684465542053,1.48270837244481,1.09872976046205,0.547279357910156,18,68,0.909602076124567,"megaplot"
"trimodal3set_photoscan_2chunk_DEM_7mm_proj_clip",97,2.55257052417518,2.34887884208041,2.54887884208041,1.58338442844209,1.12749971938035,0.439662456512451,17,71,0.891886530450308,"megaplot"
"trimodal3set_photoscan_2chunk_DEM_7mm_proj_clip",98,2.52347993735189,2.3165305314137,2.5165305314137,1.56813062854909,1.14242950732769,0.521641731262207,24,60,0.916666666666667,"megaplot"
"trimodal3set_photoscan_2chunk_DEM_7mm_proj_clip",99,2.52059566450694,2.32829020368828,2.52829020368828,1.57143680579062,1.11041785326305,0.43764591217041,25,65,0.914082840236686,"megaplot"
"trimodal3set_photoscan_2chunk_DEM_7mm_proj_clip",100,2.25542973413206,2.03099705450094,2.23099705450094,2.38482782142665,1.29759803638804,2.10059261322021,19,28,0.915816326530612,"megaplot"
"trimodal3set_photoscan_2chunk_DEM_7mm_proj_clip",101,2.19292285093936,2.00318421797874,2.20318421797874,1.83883972175392,1.16389203663474,1.66590023040771,9,13,0.863905325443787,"megaplot"
"trimodal3set_photoscan_2chunk_DEM_7mm_proj_clip",102,2.15652271683854,1.96799261960409,2.1679926196041,1.32905255011855,1.04532426339679,0.962204456329346,0,0,0,"megaplot"
"trimodal3set_photoscan_2chunk_DEM_7mm_proj_clip",103,2.17675898894692,1.97280420573322,2.17280420573322,1.12123438053437,1.01450397640525,0.531259059906006,2,2,0.5,"megaplot"
"trimodal3set_photoscan_2chunk_DEM_7mm_proj_clip",104,2.17561228839864,1.95530493434623,2.15530493434623,2.06863171583102,1.1853106668216,2.10147666931152,18,29,0.832342449464923,"megaplot"
"trimodal3set_photoscan_2chunk_DEM_7mm_proj_clip",105,2.26672478980742,2.06019643501544,2.26019643501544,1.98107306261036,1.21680796280896,1.59162950515747,18,37,0.89554419284149,"megaplot"
"trimodal3set_photoscan_2chunk_DEM_7mm_proj_clip",106,2.34993769142372,2.12447771238012,2.32447771238012,1.9240367411094,1.19883030594191,1.2148551940918,17,38,0.89612188365651,"megaplot"
"trimodal3set_photoscan_2chunk_DEM_7mm_proj_clip",107,2.1378088681838,1.89943037563302,2.09943037563302,1.55369094162676,1.08840579213365,1.72212696075439,19,28,0.931122448979592,"megaplot"
"trimodal3set_photoscan_2chunk_DEM_7mm_proj_clip",108,2.11960292027262,1.9563083609121,2.1563083609121,2.76132634020047,1.22640152986715,2.33640909194946,13,18,0.901234567901235,"megaplot"
"trimodal3set_photoscan_2chunk_DEM_7mm_proj_clip",109,2.11705650582914,1.93539272223212,2.13539272223212,2.32047892680488,1.235007355723,2.56430006027222,18,31,0.921956295525494,"megaplot"
"trimodal3set_photoscan_2chunk_DEM_7mm_proj_clip",111,2.04841488956264,1.85256053883688,2.05256053883688,1.87278926771975,1.10558548707382,2.22306442260742,14,22,0.859504132231405,"megaplot"
"trimodal3set_photoscan_2chunk_DEM_7mm_proj_clip",112,2.48209879352699,2.29303256668157,2.49303256668157,1.77100321104367,1.14613482390064,0.573709964752197,25,98,0.905664306538942,"megaplot"
"trimodal3set_photoscan_2chunk_DEM_7mm_proj_clip",113,2.46363164143204,2.256608798856,2.456608798856,1.58820682512329,1.13353578957265,0.620381832122803,31,96,0.932291666666667,"megaplot"
"trimodal3set_photoscan_2chunk_DEM_7mm_proj_clip",114,2.40653108841063,2.2141184873509,2.4141184873509,1.60722561265748,1.10759945747137,0.641303539276123,21,40,0.90875,"megaplot"
"trimodal3set_photoscan_2chunk_DEM_7mm_proj_clip",115,2.37376955795085,2.18332806822155,2.38332806822155,1.77794338203872,1.14634654593127,0.839749813079834,17,39,0.903353057199211,"megaplot"
"trimodal3set_photoscan_2chunk_DEM_7mm_proj_clip",116,2.40779974118686,2.16007074636523,2.36007074636523,1.47833517747371,1.12016080369236,0.819747924804688,21,60,0.915555555555556,"megaplot"
"trimodal3set_photoscan_2chunk_DEM_7mm_proj_clip",117,2.43766946173685,2.25397603020639,2.45397603020639,1.7595771870161,1.12456564105723,0.603402614593506,15,45,0.883950617283951,"megaplot"
"trimodal3set_photoscan_2chunk_DEM_7mm_proj_clip",118,2.41986490132188,2.19655737773095,2.39655737773095,1.43883333947006,1.09366618642304,0.633784770965576,25,65,0.915976331360947,"megaplot"
"trimodal3set_photoscan_2chunk_DEM_7mm_proj_clip",119,2.50981274989467,2.30750492423834,2.50750492423834,1.63088673746374,1.14400187690394,0.541378021240234,29,80,0.916875,"megaplot"
"trimodal3set_photoscan_2chunk_DEM_7mm_proj_clip",120,2.44414906748008,2.2429510943336,2.4429510943336,1.64402931656891,1.12135954837831,0.618317127227783,23,67,0.919581198485186,"megaplot"
"trimodal3set_photoscan_2chunk_DEM_7mm_proj_clip",121,2.52671732314086,2.32665012188685,2.52665012188685,1.54503110809721,1.11149711420145,0.442399501800537,17,48,0.883680555555556,"megaplot"
"trimodal3set_photoscan_2chunk_DEM_7mm_proj_clip",122,2.56399619999218,2.35151031599372,2.55151031599372,1.57772151178939,1.15419991755203,0.482119083404541,24,60,0.911111111111111,"megaplot"
"trimodal3set_photoscan_2chunk_DEM_7mm_proj_clip",123,2.52998844883271,2.32354323096738,2.52354323096738,1.66453042119041,1.12715985830656,0.479334831237793,24,61,0.925020155872077,"megaplot"
"trimodal3set_photoscan_2chunk_DEM_7mm_proj_clip",124,2.14732605184324,1.92647243935864,2.12647243935864,2.18257530976732,1.16734997369083,2.19782114028931,21,38,0.916897506925208,"megaplot"
"trimodal3set_photoscan_2chunk_DEM_7mm_proj_clip",125,2.1240206226901,1.86404061098127,2.06404061098127,2.0096469666467,1.11393321109127,2.22359180450439,16,18,0.932098765432099,"megaplot"
"trimodal3set_photoscan_2chunk_DEM_7mm_proj_clip",126,2.29559790547976,2.10575852302806,2.30575852302806,1.15961425558193,1.03474825745699,0.52129602432251,1,1,0,"megaplot"
"trimodal3set_photoscan_2chunk_DEM_7mm_proj_clip",127,2.28031705509582,2.07915217530214,2.27915217530214,1.1736152823552,1.03930405957527,0.608651638031006,5,6,0.777777777777778,"megaplot"
"trimodal3set_photoscan_2chunk_DEM_7mm_proj_clip",128,2.17919291562271,1.98341249228434,2.18341249228434,2.43919132029326,1.24891855038169,2.2414402961731,20,34,0.92560553633218,"megaplot"
"trimodal3set_photoscan_2chunk_DEM_7mm_proj_clip",129,2.17960003400679,1.98080356341129,2.18080356341129,2.69106146773074,1.19471540685654,1.97618579864502,14,40,0.905,"megaplot"
"trimodal3set_photoscan_2chunk_DEM_7mm_proj_clip",130,2.46103572332193,2.2723473963166,2.4723473963166,1.46961412607149,1.08920688193484,0.475128650665283,18,59,0.900316001149095,"megaplot"
"trimodal3set_photoscan_2chunk_DEM_7mm_proj_clip",131,2.51481828616402,2.32600509749186,2.52600509749186,1.51542108629218,1.09391998653148,0.405244827270508,15,41,0.887566924449732,"megaplot"
"trimodal3set_photoscan_2chunk_DEM_7mm_proj_clip",132,2.44719430178968,2.2489609356077,2.4489609356077,1.69004564389556,1.13925089820815,0.651405334472656,21,42,0.918367346938776,"megaplot"
"trimodal3set_photoscan_2chunk_DEM_7mm_proj_clip",133,2.36867311205128,2.14705210692366,2.34705210692366,1.56316943449126,1.10134651697224,0.784084320068359,18,28,0.915816326530612,"megaplot"
"trimodal3set_photoscan_2chunk_DEM_7mm_proj_clip",134,2.22036418585302,2.01794880035038,2.21794880035038,2.9780581217274,1.33417623466163,2.34738302230835,23,35,0.940408163265306,"megaplot"
"trimodal3set_photoscan_2chunk_DEM_7mm_proj_clip",135,2.16047388747482,1.94125538584308,2.14125538584308,1.34060791482868,1.06137003451544,1.23316335678101,13,22,0.884297520661157,"megaplot"
"trimodal3set_photoscan_2chunk_DEM_7mm_proj_clip",136,2.11350931878203,1.87329327221402,2.07329327221402,1.90688244930587,1.08385515276762,1.83424043655396,13,25,0.8032,"megaplot"
"trimodal3set_photoscan_2chunk_DEM_7mm_proj_clip",137,2.13602979225522,1.95720602815139,2.15720602815139,2.65310072658562,1.26617988953221,2.54795145988464,16,31,0.924037460978148,"megaplot"
"trimodal3set_photoscan_2chunk_DEM_7mm_proj_clip",138,2.50720424090561,2.30905760525022,2.50905760525022,1.73122604487145,1.14616845803683,0.542782306671143,21,54,0.899862825788752,"megaplot"
"trimodal3set_photoscan_2chunk_DEM_7mm_proj_clip",139,2.42412336076915,2.22722617309718,2.42722617309718,1.69456698079736,1.12779314248235,0.671048641204834,24,66,0.902203856749311,"megaplot"
"trimodal3set_photoscan_2chunk_DEM_7mm_proj_clip",140,2.50090872418049,2.29248378860855,2.49248378860855,1.75147705402713,1.18435793672073,0.651337146759033,22,49,0.929612661391087,"megaplot"
"trimodal3set_photoscan_2chunk_DEM_7mm_proj_clip",141,2.47112664186888,2.26562160116786,2.46562160116786,1.68374210983778,1.18558171842745,0.717456817626953,24,41,0.939916716240333,"megaplot"
"trimodal3set_photoscan_2chunk_DEM_7mm_proj_clip",142,2.32705303389007,2.11225605808643,2.31225605808643,1.80023131877658,1.18437859748062,1.21647167205811,20,38,0.921052631578947,"megaplot"
"trimodal3set_photoscan_2chunk_DEM_7mm_proj_clip",143,2.21553824897137,2.02218922781613,2.22218922781613,2.14722814089764,1.24585464620332,1.94615268707275,19,32,0.888671875,"megaplot"
"trimodal3set_photoscan_2chunk_DEM_7mm_proj_clip",144,2.27793807942267,2.04367638283897,2.24367638283897,2.51374987310003,1.37473859650538,2.29338836669922,21,44,0.863636363636364,"megaplot"
"trimodal3set_photoscan_2chunk_DEM_7mm_proj_clip",145,2.18612214588556,1.96135249183097,2.16135249183097,2.41397980259209,1.24360680559372,2.39074563980103,26,52,0.912721893491124,"megaplot"
"trimodal3set_photoscan_2chunk_DEM_7mm_proj_clip",146,2.2538981026916,1.97864115828704,2.17864115828704,1.93665821988317,1.20386563571471,2.04153966903687,20,53,0.917764328942684,"megaplot"
"trimodal3set_photoscan_2chunk_DEM_7mm_proj_clip",147,2.54864833818712,2.34414004523021,2.54414004523021,1.67125758552075,1.17212789270187,0.524724006652832,20,56,0.916454081632653,"megaplot"
"trimodal3set_photoscan_2chunk_DEM_7mm_proj_clip",148,2.50255796224774,2.29380712387092,2.49380712387092,1.55201875754185,1.11551583741694,0.505068302154541,21,75,0.903822222222222,"megaplot"
"trimodal3set_photoscan_2chunk_DEM_7mm_proj_clip",149,2.44671997093417,2.25974042611528,2.45974042611528,1.68301673561843,1.12444778656528,0.591171264648438,21,58,0.910820451843044,"megaplot"
"trimodal3set_photoscan_2chunk_DEM_7mm_proj_clip",150,2.43321382652728,2.21958312525929,2.41958312525929,1.58148873595758,1.11096533568885,0.639548778533936,20,56,0.894132653061224,"megaplot"
"trimodal3set_photoscan_2chunk_DEM_7mm_proj_clip",151,2.1004029392378,1.91726286146261,2.11726286146261,2.43428968310642,1.16608015521169,2.25981521606445,24,29,0.951248513674197,"megaplot"
"trimodal3set_photoscan_2chunk_DEM_7mm_proj_clip",152,2.11807524972377,1.88124769779365,2.08124769779365,1.75486292114561,1.12483840270862,2.19847774505615,11,16,0.875,"megaplot"
"trimodal3set_photoscan_2chunk_DEM_7mm_proj_clip",153,2.20737969422389,1.99034112075812,2.19034112075812,1.7690271163944,1.13092801370975,1.54484081268311,10,13,0.887573964497041,"megaplot"
"trimodal3set_photoscan_2chunk_DEM_7mm_proj_clip",154,2.1966119661737,1.98092169506882,2.18092169506882,2.2595559171416,1.22140924972305,2.1192045211792,26,47,0.928927116342236,"megaplot"
"trimodal3set_photoscan_2chunk_DEM_7mm_proj_clip",155,2.39105223220777,2.15994696006317,2.35994696006317,4.20069272084961,1.32363546162692,1.40900611877441,17,43,0.88263926446728,"megaplot"
"trimodal3set_photoscan_2chunk_DEM_7mm_proj_clip",156,2.25674343559734,2.06937040750851,2.26937040750851,2.79950445350631,1.15349299323625,1.27863955497742,19,49,0.911286963765098,"megaplot"
"trimodal3set_photoscan_2chunk_DEM_7mm_proj_clip",157,2.46156265688497,2.26252692423548,2.46252692423548,1.51749905692153,1.09375346834423,0.504497528076172,13,38,0.882271468144044,"megaplot"
"trimodal3set_photoscan_2chunk_DEM_7mm_proj_clip",158,2.48209450528023,2.28566196532179,2.48566196532179,1.53517823192009,1.13112477070283,0.555555820465088,22,48,0.911458333333333,"megaplot"
"trimodal3set_photoscan_2chunk_DEM_7mm_proj_clip",159,2.5838793915161,2.36924763007986,2.56924763007986,1.76683843920319,1.16800757228471,0.474751949310303,24,52,0.921597633136095,"megaplot"
"trimodal3set_photoscan_2chunk_DEM_7mm_proj_clip",160,2.26127982121102,2.0486740256703,2.2486740256703,2.25291827123875,1.19938892859959,1.58228540420532,24,43,0.924824229313142,"megaplot"
"trimodal3set_photoscan_2chunk_DEM_7mm_proj_clip",161,2.19310401856964,1.9611673880285,2.1611673880285,1.46672514896985,1.06533717265302,1.18869256973267,8,20,0.78,"megaplot"
"trimodal3set_photoscan_2chunk_DEM_7mm_proj_clip",162,2.39452267897758,2.18045642146714,2.38045642146714,1.0866329973944,1.01383491647137,0.252598762512207,7,11,0.743801652892562,"megaplot"
"trimodal3set_photoscan_2chunk_DEM_7mm_proj_clip",164,2.44895085283433,2.25198489005319,2.45198489005319,1.71374818577921,1.17251598991063,0.72304630279541,27,63,0.928193499622071,"megaplot"
"trimodal3set_photoscan_2chunk_DEM_7mm_proj_clip",165,2.27127036644918,2.05493665860298,2.25493665860298,1.61318323648131,1.18791886315503,1.49919414520264,24,52,0.92603550295858,"megaplot"
"trimodal3set_photoscan_2chunk_DEM_7mm_proj_clip",166,2.2030272126454,1.9978507950993,2.19785079509929,2.01083615709942,1.20872979745018,1.93483257293701,27,59,0.861246768170066,"megaplot"
"trimodal3set_photoscan_2chunk_DEM_7mm_proj_clip",167,2.14391850811571,1.95047141686792,2.15047141686792,1.51133567456365,1.13018063419763,1.76837491989136,12,16,0.859375,"megaplot"
"trimodal3set_photoscan_2chunk_DEM_7mm_proj_clip",168,2.23852673387062,2.03346064600717,2.23346064600717,1.27604552178346,1.08384756937715,1.05283403396606,2,2,0.5,"megaplot"
"trimodal3set_photoscan_2chunk_DEM_7mm_proj_clip",169,2.06933621294109,1.85909953841708,2.05909953841708,1.29866570530714,1.05309293304101,1.52175235748291,4,5,0.72,"megaplot"
"trimodal3set_photoscan_2chunk_DEM_7mm_proj_clip",170,2.06142326599881,1.8805307309784,2.0805307309784,2.88054748257697,1.20019690333092,2.84003448486328,24,45,0.919506172839506,"megaplot"
"trimodal3set_photoscan_2chunk_DEM_7mm_proj_clip",171,2.51911655126792,2.32099576458618,2.52099576458618,1.62221990698749,1.13938208604377,0.507745265960693,18,42,0.909297052154195,"megaplot"
"trimodal3set_photoscan_2chunk_DEM_7mm_proj_clip",172,2.4902887038672,2.30726372943273,2.50726372943273,1.63274113077905,1.13231629740101,0.517963886260986,22,54,0.905349794238683,"megaplot"
"trimodal3set_photoscan_2chunk_DEM_7mm_proj_clip",173,2.47140647268232,2.26633557004494,2.46633557004494,1.76013304220058,1.13927365997943,0.613391399383545,26,57,0.925207756232687,"megaplot"
"trimodal3set_photoscan_2chunk_DEM_7mm_proj_clip",174,2.51318295191159,2.30514076523129,2.50514076523129,1.59929741939179,1.12571089742332,0.507809638977051,17,52,0.863165680473373,"megaplot"
"trimodal3set_photoscan_2chunk_DEM_7mm_proj_clip",175,2.33719459978981,2.13281377792602,2.33281377792602,1.72851340114686,1.14625531558131,1.00008487701416,14,28,0.910714285714286,"megaplot"
"trimodal3set_photoscan_2chunk_DEM_7mm_proj_clip",176,2.27073162276138,2.07509778087835,2.27509778087835,2.35872850745459,1.30431562962098,1.82576417922974,13,30,0.835555555555556,"megaplot"
"trimodal3set_photoscan_2chunk_DEM_7mm_proj_clip",177,2.16481027823124,1.99471135309615,2.19471135309615,2.5693913799331,1.18821250164939,1.84873294830322,11,24,0.822916666666667,"megaplot"
"trimodal3set_photoscan_2chunk_DEM_7mm_proj_clip",178,2.30493704080231,2.06838509596903,2.26838509596903,2.20910545896567,1.23593034542962,1.62082529067993,15,32,0.892578125,"megaplot"
"trimodal3set_photoscan_2chunk_DEM_7mm_proj_clip",179,2.44540956750165,2.25057112664072,2.45057112664072,1.54197640460192,1.11519975365055,0.585867404937744,13,40,0.87625,"megaplot"
"trimodal3set_photoscan_2chunk_DEM_7mm_proj_clip",180,2.31486409838779,2.07823778409637,2.27823778409637,1.67934109317413,1.15035020250095,1.22628664970398,16,39,0.891518737672584,"megaplot"
"trimodal3set_photoscan_2chunk_DEM_7mm_proj_clip",181,2.54837108643453,2.34881696595544,2.54881696595544,1.62297326442572,1.15811833297096,0.493232727050781,22,42,0.929705215419501,"megaplot"
"trimodal3set_photoscan_2chunk_DEM_7mm_proj_clip",182,2.54484328081771,2.34249283637323,2.54249283637323,1.73649655562596,1.20777899775865,0.584548473358154,18,36,0.896604938271605,"megaplot"
"trimodal3set_photoscan_2chunk_DEM_7mm_proj_clip",183,2.60059795432367,2.39683430264163,2.59683430264163,1.65280254097807,1.17857098186484,0.445903778076172,19,44,0.918388429752066,"megaplot"
"trimodal3set_photoscan_2chunk_DEM_7mm_proj_clip",184,2.31001794138784,2.05899895090741,2.25899895090741,1.9044299899366,1.22035208738356,1.61254644393921,27,52,0.92603550295858,"megaplot"
"trimodal3set_photoscan_2chunk_DEM_7mm_proj_clip",185,2.22310542102261,1.98969058775447,2.18969058775447,1.88155641007308,1.16327232528309,1.74210405349731,15,22,0.880165289256198,"megaplot"
"trimodal3set_photoscan_2chunk_DEM_7mm_proj_clip",186,2.32853008670533,2.10207212556109,2.30207212556109,2.05475684515079,1.26739401781965,1.54614591598511,27,52,0.92085798816568,"megaplot"
"trimodal3set_photoscan_2chunk_DEM_7mm_proj_clip",187,2.18686212751359,1.97985631417333,2.17985631417333,1.70412964616442,1.16097442532295,1.78882360458374,23,43,0.917252568956193,"megaplot"
"trimodal3set_photoscan_2chunk_DEM_7mm_proj_clip",188,2.21666357352916,2.02233477357208,2.22233477357208,1.43769115719087,1.11462894095281,1.28881931304932,4,7,0.612244897959184,"megaplot"
"trimodal3set_photoscan_2chunk_DEM_7mm_proj_clip",189,2.07637364835694,1.91080516896831,2.11080516896831,4.64709128327576,1.31301634520879,3.27845668792725,21,38,0.914127423822715,"megaplot"
"trimodal3set_photoscan_2chunk_DEM_7mm_proj_clip",190,2.48197091146209,2.28117083440778,2.48117083440778,1.70204603741028,1.15014976311596,0.606509208679199,13,32,0.908203125,"megaplot"
"trimodal3set_photoscan_2chunk_DEM_7mm_proj_clip",191,2.52027036760774,2.31966502732811,2.51966502732811,1.62409509797186,1.15163412864011,0.533560752868652,24,59,0.937661591496696,"megaplot"
"trimodal3set_photoscan_2chunk_DEM_7mm_proj_clip",192,2.43504059198374,2.23660706022839,2.43660706022839,1.62630573490088,1.11710473208798,0.620260715484619,14,33,0.865013774104683,"megaplot"
"trimodal3set_photoscan_2chunk_DEM_7mm_proj_clip",193,2.46019269375627,2.26560855656051,2.46560855656051,1.68829964025062,1.14403381308418,0.626054763793945,23,52,0.917159763313609,"megaplot"
"trimodal3set_photoscan_2chunk_DEM_7mm_proj_clip",194,2.29203272969206,2.07233782823504,2.27233782823504,1.70615146923462,1.13215515936959,1.16846895217896,9,12,0.833333333333333,"megaplot"
"trimodal3set_photoscan_2chunk_DEM_7mm_proj_clip",195,2.29639780227961,2.0715184044407,2.2715184044407,1.9154546368054,1.15704965568433,1.28483581542969,14,19,0.919667590027701,"megaplot"
"trimodal3set_photoscan_2chunk_DEM_7mm_proj_clip",196,2.23900325440596,2.06203631080013,2.26203631080013,2.65846901301848,1.2700747485169,1.78621244430542,11,15,0.897777777777778,"megaplot"
"trimodal3set_photoscan_2chunk_DEM_7mm_proj_clip",197,2.25313322469247,2.05467291683166,2.25467291683166,2.21554694747098,1.29792179579554,1.93630075454712,18,30,0.9,"megaplot"
"trimodal3set_photoscan_2chunk_DEM_7mm_proj_clip",198,2.43286072933583,2.22435321376939,2.42435321376939,1.77291080010718,1.15872961064011,0.760830402374268,13,31,0.863683662851197,"megaplot"
"trimodal3set_photoscan_2chunk_DEM_7mm_proj_clip",199,2.46203880472082,2.26220547588618,2.46220547588618,1.75874628885127,1.15806341609605,0.665785312652588,19,56,0.909438775510204,"megaplot"
"trimodal3set_photoscan_2chunk_DEM_7mm_proj_clip",200,2.57688831331252,2.37030262133118,2.57030262133118,1.68724576885832,1.17998177293503,0.490935802459717,23,51,0.907343329488658,"megaplot"
"trimodal3set_photoscan_2chunk_DEM_7mm_proj_clip",201,2.49031398229237,2.29558715432764,2.49558715432764,1.5474419288768,1.12555821958202,0.524567127227783,16,32,0.892578125,"megaplot"
"trimodal3set_photoscan_2chunk_DEM_7mm_proj_clip",202,2.59507968389568,2.38539559595793,2.58539559595793,1.64652334942707,1.16810674818055,0.449055194854736,21,37,0.927684441197955,"megaplot"
"trimodal3set_photoscan_2chunk_DEM_7mm_proj_clip",203,2.53833600630311,2.30779407261797,2.50779407261797,1.83515392532878,1.19784298539131,0.641840934753418,19,43,0.921579232017307,"megaplot"
"trimodal3set_photoscan_2chunk_DEM_7mm_proj_clip",204,2.18285920773393,1.98771356785026,2.18771356785026,2.45424173415545,1.19523814275174,1.93224000930786,21,39,0.888888888888889,"megaplot"
"trimodal3set_photoscan_2chunk_DEM_7mm_proj_clip",205,2.26039108665576,2.05372224668163,2.25372224668163,2.1792525121546,1.2945727540918,1.93033266067505,28,51,0.906574394463668,"megaplot"
"trimodal3set_photoscan_2chunk_DEM_7mm_proj_clip",207,2.3007828975311,2.05776101417535,2.25776101417535,1.91911041080823,1.20190154253559,1.54374217987061,19,29,0.932223543400713,"megaplot"
"trimodal3set_photoscan_2chunk_DEM_7mm_proj_clip",208,2.52957249837552,2.3080155991539,2.5080155991539,1.64037967949378,1.17368419531904,0.597604274749756,21,51,0.923490965013456,"megaplot"
"trimodal3set_photoscan_2chunk_DEM_7mm_proj_clip",209,2.41595095073674,2.21121952996481,2.41121952996481,1.66528177239615,1.16555154698943,0.81447696685791,8,15,0.844444444444444,"megaplot"
"trimodal3set_photoscan_2chunk_DEM_7mm_proj_clip",210,2.38267067777109,2.16590302753585,2.36590302753585,1.84970695054906,1.1534247686855,0.914847373962402,15,30,0.9,"megaplot"
"trimodal3set_photoscan_2chunk_DEM_7mm_proj_clip",211,2.3108678378404,2.1031095516149,2.3031095516149,1.88259331279507,1.15882775622287,1.15856885910034,8,12,0.847222222222222,"megaplot"
"trimodal3set_photoscan_2chunk_DEM_7mm_proj_clip",212,2.13571558859042,1.93621970377182,2.13621970377181,1.63191301884036,1.0455561007144,1.07701778411865,4,4,0.75,"megaplot"
"trimodal3set_photoscan_2chunk_DEM_7mm_proj_clip",213,2.50657232017282,2.29631301303951,2.49631301303951,3.25339969154062,1.6253899652636,1.29784202575684,3,4,0.625,"megaplot"
"trimodal3set_photoscan_2chunk_DEM_7mm_proj_clip",214,2.40038939090833,2.19737080558364,2.39737080558364,1.74166984267965,1.1565490143081,0.82923412322998,13,26,0.884615384615385,"megaplot"
"trimodal3set_photoscan_2chunk_DEM_7mm_proj_clip",215,2.4221202504996,2.19101116525408,2.39101116525408,1.83925552626142,1.18974266296888,0.940423727035522,17,40,0.89875,"megaplot"
"trimodal3set_photoscan_2chunk_DEM_7mm_proj_clip",216,2.52386476835646,2.32593281605756,2.52593281605756,1.63109659791187,1.17249349802825,0.559542179107666,21,60,0.909444444444444,"megaplot"
"trimodal3set_photoscan_2chunk_DEM_7mm_proj_clip",217,2.50778529238788,2.3090506917241,2.5090506917241,1.66379376591651,1.17796085540532,0.603343486785889,11,25,0.864,"megaplot"
"trimodal3set_photoscan_2chunk_DEM_7mm_proj_clip",218,2.54389717716121,2.32324620972531,2.52324620972531,1.73243486242533,1.1619116459684,0.545844554901123,17,31,0.899063475546306,"megaplot"
"trimodal3set_photoscan_2chunk_DEM_7mm_proj_clip",219,2.5170341817543,2.31088977411639,2.51088977411639,1.80737998929792,1.17808966231182,0.59974479675293,14,29,0.884661117717004,"megaplot"
"trimodal3set_photoscan_2chunk_DEM_7mm_proj_clip",220,2.2838324509836,2.04289331082021,2.24289331082021,1.95550702590928,1.18723163425793,1.55998754501343,20,44,0.917355371900826,"megaplot"
"trimodal3set_photoscan_2chunk_DEM_7mm_proj_clip",221,2.22196149813459,2.0188971040417,2.2188971040417,2.29097365664048,1.37957196344546,2.5176682472229,19,37,0.885317750182615,"megaplot"
"trimodal3set_photoscan_2chunk_DEM_7mm_proj_clip",222,2.06773347005854,1.87655177537331,2.07655177537331,3.75190723244244,1.24215341219217,3.19691467285156,13,18,0.901234567901235,"megaplot"
"trimodal3set_photoscan_2chunk_DEM_7mm_proj_clip",223,2.17929434079058,1.97392396765997,2.17392396765997,2.72244115473623,1.39127289266891,2.99466180801392,19,35,0.924081632653061,"megaplot"
"trimodal3set_photoscan_2chunk_DEM_7mm_proj_clip",224,2.32282437837727,2.12155842227214,2.32155842227214,2.01083413571213,1.2592889756154,1.42055892944336,17,32,0.90234375,"megaplot"
"trimodal3set_photoscan_2chunk_DEM_7mm_proj_clip",225,2.25226730098519,2.05081172966327,2.25081172966327,1.99299750025568,1.18389419860558,1.50302267074585,14,21,0.90702947845805,"megaplot"
"trimodal3set_photoscan_2chunk_DEM_7mm_proj_clip",226,2.49483104618052,2.30414885467196,2.50414885467196,2.62930086240776,1.37438969543658,0.929379940032959,4,5,0.72,"megaplot"
"trimodal3set_photoscan_2chunk_DEM_7mm_proj_clip",227,2.52040233939224,2.32129716029298,2.52129716029298,3.07565561387811,1.49150013079441,1.02786684036255,2,2,0.5,"megaplot"
"trimodal3set_photoscan_2chunk_DEM_7mm_proj_clip",228,2.58558154933163,2.37438045747783,2.57438045747783,3.27160071495725,1.69849318266215,1.06093311309814,2,2,0.5,"megaplot"
"trimodal3set_photoscan_2chunk_DEM_7mm_proj_clip",229,2.41647569248451,2.19946946090796,2.39946946090796,2.76566085937673,1.47553637828091,1.53723430633545,8,10,0.86,"megaplot"
"trimodal3set_photoscan_2chunk_DEM_7mm_proj_clip",230,2.39032364008712,2.18353737742063,2.38353737742063,1.80208539624875,1.17206261229474,0.91532039642334,12,30,0.862222222222222,"megaplot"
"trimodal3set_photoscan_2chunk_DEM_7mm_proj_clip",231,2.47574969104626,2.2703918597328,2.4703918597328,1.63462947611995,1.16345116569022,0.658919334411621,16,27,0.905349794238683,"megaplot"
"trimodal3set_photoscan_2chunk_DEM_7mm_proj_clip",232,2.44156747606048,2.21720108801661,2.41720108801661,1.79350220323477,1.19404815464628,0.869365930557251,18,39,0.896778435239974,"megaplot"
"trimodal3set_photoscan_2chunk_DEM_7mm_proj_clip",233,2.4263115085151,2.21354165101779,2.41354165101779,1.79980830144367,1.18702229174126,0.862990617752075,13,32,0.845703125,"megaplot"
"trimodal3set_photoscan_2chunk_DEM_7mm_proj_clip",234,2.56389743698042,2.36703398189007,2.56703398189007,1.644976207328,1.1616528043152,0.468585014343262,21,49,0.930445647646814,"megaplot"
"trimodal3set_photoscan_2chunk_DEM_7mm_proj_clip",235,2.47059443922841,2.26594906385787,2.46594906385787,1.6993485587815,1.15501287163238,0.650370121002197,14,39,0.867850098619329,"megaplot"
"trimodal3set_photoscan_2chunk_DEM_7mm_proj_clip",236,2.56908418932547,2.36902484177285,2.56902484177285,1.83072992884926,1.23202677351225,0.566534042358398,13,37,0.819576333089847,"megaplot"
"trimodal3set_photoscan_2chunk_DEM_7mm_proj_clip",237,2.56808561366267,2.35427001867314,2.55427001867314,3.80382471152129,1.94139554711043,1.37872695922852,2,2,0.5,"megaplot"
"trimodal3set_photoscan_2chunk_DEM_7mm_proj_clip",238,2.60470243733087,2.37419076674803,2.57419076674803,3.81985606317713,1.88686671988906,1.23729801177979,2,2,0.5,"megaplot"
"trimodal3set_photoscan_2chunk_DEM_7mm_proj_clip",239,2.32507595838078,2.12765213109275,2.32765213109275,1.88253652233698,1.21080284638871,1.24057388305664,18,37,0.87509130752374,"megaplot"
"trimodal3set_photoscan_2chunk_DEM_7mm_proj_clip",240,2.3291951233621,2.10860936377831,2.30860936377831,1.74414257888919,1.19214114392089,1.25984191894531,21,36,0.878086419753086,"megaplot"
"trimodal3set_photoscan_2chunk_DEM_7mm_proj_clip",241,2.41915601822269,2.21324758945109,2.41324758945109,1.62566980758726,1.13085576495966,0.713261604309082,17,26,0.917159763313609,"megaplot"
"trimodal3set_photoscan_2chunk_DEM_7mm_proj_clip",242,2.40967683057319,2.17350793992991,2.37350793992991,1.89988279100937,1.18320056981407,0.980391979217529,17,32,0.90625,"megaplot"
"trimodal3set_photoscan_2chunk_DEM_7mm_proj_clip",243,2.40099314570974,2.175407141652,2.375407141652,1.77665359784383,1.18227892567164,0.971302032470703,15,41,0.903033908387864,"megaplot"
"trimodal3set_photoscan_2chunk_DEM_7mm_proj_clip",244,2.55541071497272,2.35194613887594,2.55194613887594,1.74236632641456,1.19615121384733,0.548201084136963,16,50,0.8568,"megaplot"
"trimodal3set_photoscan_2chunk_DEM_7mm_proj_clip",245,2.45963203555412,2.26217310164317,2.46217310164317,1.62822154890894,1.12276373974022,0.581997394561768,15,33,0.899908172635445,"megaplot"
"trimodal3set_photoscan_2chunk_DEM_7mm_proj_clip",246,2.48539024313377,2.29083418359074,2.49083418359074,1.68768066940299,1.17117744843777,0.629313230514526,9,25,0.752,"megaplot"
"trimodal3set_photoscan_2chunk_DEM_7mm_proj_clip",247,2.28872083842865,2.08061121581066,2.28061121581066,1.85085370248865,1.21669686309201,1.48249244689941,17,33,0.894398530762167,"megaplot"
"trimodal3set_photoscan_2chunk_DEM_7mm_proj_clip",248,2.36495023790287,2.13326379164372,2.33326379164372,1.88246698643546,1.20566786722541,1.20037317276001,20,35,0.930612244897959,"megaplot"
"trimodal3set_photoscan_2chunk_DEM_7mm_proj_clip",249,2.57481110928319,2.37314987209001,2.57314987209001,1.56614901237938,1.15569364540216,0.449601173400879,24,42,0.927437641723356,"megaplot"
"trimodal3set_photoscan_2chunk_DEM_7mm_proj_clip",250,2.46276262200749,2.26660780609278,2.46660780609278,1.83969100539005,1.17279637811323,0.687918663024902,21,53,0.931292274830901,"megaplot"
"trimodal3set_photoscan_2chunk_DEM_7mm_proj_clip",251,2.43780152947326,2.24127514855252,2.44127514855252,1.50941234124013,1.09257561353197,0.539484024047852,14,22,0.90495867768595,"megaplot"
"trimodal3set_photoscan_2chunk_DEM_7mm_proj_clip",252,2.40950964609796,2.21766072093771,2.41766072093771,1.50449871987958,1.09276555877649,0.586120128631592,13,22,0.888429752066116,"megaplot"
"trimodal3set_photoscan_2chunk_DEM_7mm_proj_clip",253,2.55027327375528,2.34375695555988,2.54375695555988,1.57824188665039,1.1535629623825,0.494152784347534,9,22,0.847107438016529,"megaplot"
"trimodal3set_photoscan_2chunk_DEM_7mm_proj_clip",254,2.41234936342892,2.22600307154195,2.42600307154195,1.82256913486363,1.20975677542892,0.879846096038818,7,18,0.746913580246914,"megaplot"
"trimodal3set_photoscan_2chunk_DEM_7mm_proj_clip",255,2.37022573549033,2.15100690942199,2.35100690942199,1.69622435814071,1.18670755043067,1.07086133956909,15,23,0.911153119092628,"megaplot"
"trimodal3set_photoscan_2chunk_DEM_7mm_proj_clip",256,2.36497244356815,2.15071926698765,2.35071926698765,1.71691077469673,1.15990215818635,0.985902786254883,18,37,0.891161431701972,"megaplot"
"trimodal3set_photoscan_2chunk_DEM_7mm_proj_clip",257,2.48598836659074,2.27620696041617,2.47620696041617,1.69403122527843,1.12577247048641,0.561517477035522,17,36,0.899691358024691,"megaplot"
"trimodal3set_photoscan_2chunk_DEM_7mm_proj_clip",258,2.46109165934045,2.23059824199573,2.43059824199573,1.4666355952639,1.10304839729398,0.592113971710205,9,15,0.853333333333333,"megaplot"
"trimodal3set_photoscan_2chunk_DEM_7mm_proj_clip",259,2.44785704007293,2.25826660670544,2.45826660670544,1.41766719428913,1.06647796121966,0.42832088470459,9,14,0.877551020408163,"megaplot"
"trimodal3set_photoscan_2chunk_DEM_7mm_proj_clip",260,2.51078887764115,2.32262386504508,2.52262386504508,1.59129550906321,1.12284346576392,0.472152948379517,10,31,0.786680541103018,"megaplot"
