"rec","rep","D","D_ends","D_theory","R","R_theory","H","site"
"rr201611_004_Osprey_dem_low",1,2.36644590943331,2.35821044525508,2.35821044525508,1.40486723483791,1.10149433710976,0.377458810806274,"Osprey"
"rr201611_004_Osprey_dem_low",2,2.31743784348741,2.30936792682228,2.30936792682228,1.62756613326087,1.17187511868545,0.591457843780518,"Osprey"
"rr201611_004_Osprey_dem_low",3,2.4219598957119,2.4088949709352,2.4088949709352,1.65951664536403,1.19821907301918,0.452589988708496,"Osprey"
"rr201611_004_Osprey_dem_low",4,2.34530887188457,2.3252781627879,2.3252781627879,1.44916868385885,1.12922092656054,0.480539798736572,"Osprey"
"rr201611_004_Osprey_dem_low",5,2.31546687857312,2.28354072694723,2.28354072694723,1.41046033492877,1.09904581951155,0.482728242874146,"Osprey"
"rr201611_004_Osprey_dem_low",6,2.42789730733993,2.43796102315068,2.43796102315068,1.48215985795657,1.12694435647272,0.322131156921387,"Osprey"
"rr201611_004_Osprey_dem_low",7,2.33001555205313,2.29812319989411,2.29812319989411,1.70701313990467,1.18075966878706,0.631945371627808,"Osprey"
"rr201611_004_Osprey_dem_low",8,2.35556827246101,2.34756994110113,2.34756994110113,1.44438373925696,1.1330880695453,0.451828956604004,"Osprey"
"rr201611_004_Osprey_dem_low",9,2.38420972439675,2.37010828686272,2.37010828686272,1.38907568788594,1.11110627338519,0.379840135574341,"Osprey"
"rr201611_004_Osprey_dem_low",10,2.46299912530977,2.46025600255259,2.46025600255259,1.37807954855777,1.11608146288796,0.284405708312988,"Osprey"
"rr201611_004_Osprey_dem_low",11,2.43551146799315,2.42507820271365,2.42507820271365,1.45009360831899,1.13393180117046,0.346553802490234,"Osprey"
"rr201611_004_Osprey_dem_low",12,2.3576906032055,2.34246231039801,2.34246231039801,1.66568199077203,1.19339777691297,0.562175989151001,"Osprey"
"rr201611_004_Osprey_dem_low",13,2.3954082389651,2.38134420461576,2.38134420461576,1.46469711311874,1.13419062028401,0.403684854507446,"Osprey"
"rr201611_004_Osprey_dem_low",14,2.24929042317055,2.24879734964365,2.24879734964365,1.63747336164615,1.15664580445352,0.694091081619263,"Osprey"
"rr201611_004_Osprey_dem_low",15,2.29436592192898,2.28690861371667,2.28690861371667,1.97300603061696,1.20652383098023,0.7063889503479,"Osprey"
"rr201611_004_Osprey_dem_low",16,2.41209095834599,2.38269876723315,2.38269876723315,1.58062161175963,1.17613594659006,0.464828729629517,"Osprey"
"rr201611_007_CooksPath_dem_low",1,2.35992735961965,2.37272043887285,2.37272043887285,1.33380290670704,1.09541341538226,0.34752368927002,"Cooks Path"
"rr201611_007_CooksPath_dem_low",2,2.38484602127131,2.37249830106226,2.37249830106226,1.47531889873427,1.14009462391373,0.425898790359497,"Cooks Path"
"rr201611_007_CooksPath_dem_low",3,2.37961984184196,2.38112118412941,2.38112118412941,1.43021147629942,1.12405355640834,0.387514352798462,"Cooks Path"
"rr201611_007_CooksPath_dem_low",4,2.37064731264705,2.37663666330491,2.37663666330491,1.487060627305,1.1395931804415,0.41903281211853,"Cooks Path"
"rr201611_007_CooksPath_dem_low",5,2.40382594863358,2.40962948561715,2.40962948561715,1.33302087388331,1.09525362283631,0.305527448654175,"Cooks Path"
"rr201611_007_CooksPath_dem_low",6,2.33384962841649,2.33950683734214,2.33950683734214,1.48721330635403,1.13514608334397,0.468437671661377,"Cooks Path"
"rr201611_007_CooksPath_dem_low",7,2.38486680132867,2.36802645508904,2.36802645508904,1.36221589314958,1.10519445061198,0.371751308441162,"Cooks Path"
"rr201611_007_CooksPath_dem_low",8,2.3154234587123,2.29857460722615,2.29857460722615,1.3208124191116,1.0953025949856,0.449077367782593,"Cooks Path"
"rr201611_007_CooksPath_dem_low",9,2.27532806696816,2.27917562811696,2.27917562811696,1.339234424081,1.07447927295294,0.422489643096924,"Cooks Path"
"rr201611_007_CooksPath_dem_low",10,2.29742507914335,2.29227676062586,2.29227676062586,1.54617355481821,1.15861663205075,0.601016998291016,"Cooks Path"
"rr201611_007_CooksPath_dem_low",11,2.37580505851527,2.36416315099919,2.36416315099919,1.49152859512589,1.14774238563248,0.450991630554199,"Cooks Path"
"rr201611_007_CooksPath_dem_low",12,2.39835311217694,2.37209143989569,2.37209143989569,1.44541116452407,1.11873246372816,0.390673875808716,"Cooks Path"
"rr201611_007_CooksPath_dem_low",13,2.24871099728549,2.23516695335292,2.23516695335292,1.52616359954202,1.10797173163043,0.597270250320435,"Cooks Path"
"rr201611_007_CooksPath_dem_low",14,2.37430664237871,2.37936832790664,2.37936832790664,1.51606131542785,1.14068310810189,0.416807889938354,"Cooks Path"
"rr201611_007_CooksPath_dem_low",15,2.35836940527351,2.35060320412132,2.35060320412132,1.56853075534485,1.16562362017801,0.502559185028076,"Cooks Path"
"rr201611_007_CooksPath_dem_low",16,2.34771432184538,2.31989862817856,2.31989862817856,1.43873586365804,1.12076744592298,0.472357749938965,"Cooks Path"
"rr201611_018_Resort_dem_low",1,2.25422630097314,2.24524471992433,2.24524471992433,3.22640958908954,1.62594685991487,1.54998183250427,"Resort"
"rr201611_018_Resort_dem_low",2,2.31334680217685,2.29182399641762,2.29182399641762,3.64104060360921,1.75182459320102,1.47970366477966,"Resort"
"rr201611_018_Resort_dem_low",3,2.18241524616157,2.19588939738385,2.19588939738385,2.5434277740506,1.38948443040969,1.38388252258301,"Resort"
"rr201611_018_Resort_dem_low",4,2.25992884016531,2.26316652945715,2.26316652945715,2.47740157010026,1.41482283025075,1.13713979721069,"Resort"
"rr201611_018_Resort_dem_low",5,2.27829775583535,2.27481998673252,2.27481998673252,3.93525718662234,1.95090490003865,1.82787227630615,"Resort"
"rr201611_018_Resort_dem_low",6,2.16853559258513,2.16222338530455,2.16222338530455,2.47286639115043,1.36778308875449,1.50432372093201,"Resort"
"rr201611_018_Resort_dem_low",7,2.23478844229896,2.22919217364016,2.22919217364016,2.73285753014684,1.55767274751481,1.52647113800049,"Resort"
"rr201611_018_Resort_dem_low",8,2.25296647078891,2.26914546319606,2.26914546319606,2.41495535674019,1.42796430571788,1.13439846038818,"Resort"
"rr201611_018_Resort_dem_low",9,2.2046004783119,2.20733662680661,2.20733662680661,2.45685505102179,1.31531370693299,1.17800903320312,"Resort"
"rr201611_018_Resort_dem_low",10,2.1182288147473,2.13490406853067,2.13490406853067,2.62425831765401,1.38290534049088,1.69275164604187,"Resort"
"rr201611_018_Resort_dem_low",11,2.14156371482815,2.1600751339946,2.1600751339946,2.96829804111685,1.48415946609194,1.78111457824707,"Resort"
"rr201611_018_Resort_dem_low",12,2.28386603090047,2.28533871359881,2.28533871359881,3.21613894402627,1.63907895005354,1.36637806892395,"Resort"
"rr201611_018_Resort_dem_low",13,2.32590390699588,2.33476768377595,2.33476768377595,5.70632786220836,2.03711612730945,1.57330822944641,"Resort"
"rr201611_018_Resort_dem_low",14,2.29292235438202,2.28648991268997,2.28648991268997,2.75006837775818,1.5419547965219,1.22998595237732,"Resort"
"rr201611_018_Resort_dem_low",15,2.20581370317691,2.2224218773396,2.2224218773396,2.42226570186696,1.49549848186378,1.45501184463501,"Resort"
"rr201611_018_Resort_dem_low",16,2.15353384570932,2.162480907825,2.162480907825,2.64575724066206,1.46057868678631,1.71457862854004,"Resort"
"rr201611_023_NorthReef03_dem_low",1,2.01583666052149,2.0519334527413,2.0519334527413,1.36338263903844,1.03859788526022,0.662712097167969,"Mermaid Cove"
"rr201611_023_NorthReef03_dem_low",2,2.27629606964953,2.27518605493557,2.27518605493557,1.71621139332356,1.21382819424558,0.749813318252563,"Mermaid Cove"
"rr201611_023_NorthReef03_dem_low",3,2.26055937243871,2.26948708325418,2.26948708325418,1.5332452432324,1.15654661248282,0.645844221115112,"Mermaid Cove"
"rr201611_023_NorthReef03_dem_low",4,2.17944579527135,2.21530177888297,2.21530177888297,1.46272837615939,1.08200603040189,0.554175615310669,"Mermaid Cove"
"rr201611_023_NorthReef03_dem_low",5,2.21016557366165,2.21400685451011,2.21400685451011,1.39488894809459,1.07807124358235,0.542635679244995,"Mermaid Cove"
"rr201611_023_NorthReef03_dem_low",6,2.27899869571379,2.27595934412679,2.27595934412679,1.82713891078968,1.20586000176343,0.73241925239563,"Mermaid Cove"
"rr201611_023_NorthReef03_dem_low",7,2.1538157815881,2.16750426387553,2.16750426387553,1.42910759109566,1.07171667769582,0.610100269317627,"Mermaid Cove"
"rr201611_023_NorthReef03_dem_low",8,2.24209654802406,2.25162256099548,2.25162256099548,1.59094893803276,1.13184644558597,0.626942157745361,"Mermaid Cove"
"rr201611_023_NorthReef03_dem_low",9,2.2935452246639,2.31538288178188,2.31538288178188,1.5791484822815,1.16959390753584,0.575096607208252,"Mermaid Cove"
"rr201611_023_NorthReef03_dem_low",10,2.26782661949409,2.26804128987204,2.26804128987204,1.43731224790421,1.09298886425094,0.49283504486084,"Mermaid Cove"
"rr201611_023_NorthReef03_dem_low",11,2.15103079597367,2.15899118587114,2.15899118587114,1.1276804695583,1.0246900520013,0.364485025405884,"Mermaid Cove"
"rr201611_023_NorthReef03_dem_low",12,2.18533584410596,2.19502359312367,2.19502359312367,1.12488108536978,1.01991098263729,0.28854775428772,"Mermaid Cove"
"rr201611_023_NorthReef03_dem_low",13,2.00753667889833,2.05332404285579,2.05332404285579,1.63249080241285,1.06224696132817,0.842391014099121,"Mermaid Cove"
"rr201611_023_NorthReef03_dem_low",14,1.99098727410788,2.02409046155428,2.02409046155428,1.55745719145023,1.05896326456006,0.906567811965942,"Mermaid Cove"
"rr201611_023_NorthReef03_dem_low",15,2.25227935254007,2.26417405332059,2.26417405332059,1.21100408361044,1.04130338665339,0.328753232955933,"Mermaid Cove"
"rr201611_023_NorthReef03_dem_low",16,2.27910007028382,2.28148035375687,2.28148035375687,1.17019695460327,1.04278906664074,0.315248489379883,"Mermaid Cove"
"rr201611_033_ConerBeach_dem_low",1,2.2000451093771,2.18150702839601,2.18150702839601,1.79403169260778,1.22050842981725,1.05508756637573,"Corner Beach"
"rr201611_033_ConerBeach_dem_low",2,2.15460941138875,2.17233348968512,2.17233348968512,1.74805453794197,1.16995060382223,0.945243120193481,"Corner Beach"
"rr201611_033_ConerBeach_dem_low",3,2.23202954733076,2.21314874372366,2.21314874372366,1.33513854952766,1.08948786647336,0.58428692817688,"Corner Beach"
"rr201611_033_ConerBeach_dem_low",4,2.30838126180201,2.29222637958259,2.29222637958259,1.35242581257178,1.09291074190289,0.453011035919189,"Corner Beach"
"rr201611_033_ConerBeach_dem_low",5,2.26285003692221,2.25459635467235,2.25459635467235,1.51988085098913,1.15914655101519,0.686086654663086,"Corner Beach"
"rr201611_033_ConerBeach_dem_low",6,2.17279272008413,2.15450979423228,2.15450979423228,1.97761678644429,1.3065270767519,1.39218926429749,"Corner Beach"
"rr201611_033_ConerBeach_dem_low",7,2.14029554184346,2.101710250059,2.101710250059,2.20452801977054,1.27273919987848,1.56532454490662,"Corner Beach"
"rr201611_033_ConerBeach_dem_low",8,2.18022956806881,2.14496887539891,2.14496887539891,1.56696993717988,1.15230198321632,0.979827165603638,"Corner Beach"
"rr201611_033_ConerBeach_dem_low",9,2.11077470800901,2.07053753389368,2.07053753389368,1.57654581466777,1.15989462248956,1.30169320106506,"Corner Beach"
"rr201611_033_ConerBeach_dem_low",10,2.20586162673273,2.20928517587927,2.20928517587927,3.08410928789113,1.63136193041986,1.76509833335876,"Corner Beach"
"rr201611_033_ConerBeach_dem_low",11,2.23797627892671,2.22672290189424,2.22672290189424,2.5836735643638,1.56307761215483,1.54866695404053,"Corner Beach"
"rr201611_033_ConerBeach_dem_low",12,2.17526089921009,2.1634924435609,2.1634924435609,1.67345281561741,1.1793973645849,1.00355362892151,"Corner Beach"
"rr201611_033_ConerBeach_dem_low",13,2.21700388967438,2.22187079233849,2.22187079233849,2.36733209990798,1.3874233626476,1.260822057724,"Corner Beach"
"rr201611_033_ConerBeach_dem_low",14,2.26358025810322,2.25425178332813,2.25425178332813,2.91405633659664,1.64594364273772,1.53195333480835,"Corner Beach"
"rr201611_033_ConerBeach_dem_low",15,2.22826921499065,2.22130910583299,2.22130910583299,2.61793596105145,1.52908078996157,1.51944136619568,"Corner Beach"
"rr201611_033_ConerBeach_dem_low",16,2.15745969350446,2.17268136110431,2.17268136110431,1.98705572837561,1.28831940877247,1.26278352737427,"Corner Beach"
"rr201611_037_southeast_dem_low",1,2.2193068122093,2.20102739841965,2.20102739841965,1.53286026951247,1.14369463148415,0.782114505767822,"Southeast"
"rr201611_037_southeast_dem_low",2,2.27146809482467,2.25371322455973,2.25371322455973,1.6561659119565,1.18356642543411,0.743273019790649,"Southeast"
"rr201611_037_southeast_dem_low",3,2.35857703529169,2.3603748737427,2.3603748737427,1.346726804553,1.09996410235561,0.371667623519897,"Southeast"
"rr201611_037_southeast_dem_low",4,2.29242576446998,2.28931124639728,2.28931124639728,1.42091420922996,1.08941173704278,0.448536157608032,"Southeast"
"rr201611_037_southeast_dem_low",5,2.31371576965357,2.3062795778682,2.3062795778682,1.45631712774099,1.13268037259594,0.520492553710938,"Southeast"
"rr201611_037_southeast_dem_low",6,2.31629026689035,2.29921017465309,2.29921017465309,1.49894230475531,1.16378515296207,0.596943378448486,"Southeast"
"rr201611_037_southeast_dem_low",7,2.36333557570241,2.3676419388231,2.3676419388231,1.43040177758718,1.13646897589675,0.4271240234375,"Southeast"
"rr201611_037_southeast_dem_low",8,2.25932274686126,2.26003518003487,2.26003518003487,1.26982410266137,1.05289593727166,0.378484129905701,"Southeast"
"rr201611_037_southeast_dem_low",9,2.28927451149513,2.28543944928054,2.28543944928054,1.4733111823589,1.14409062720405,0.584595203399658,"Southeast"
"rr201611_037_southeast_dem_low",10,2.34160498423997,2.31993226139075,2.31993226139075,1.52494639424748,1.16925388354042,0.56548810005188,"Southeast"
"rr201611_037_southeast_dem_low",11,2.25603949359613,2.25999864405473,2.25999864405473,1.40869039685297,1.13172486451875,0.608705878257751,"Southeast"
"rr201611_037_southeast_dem_low",12,2.31728948235286,2.31605562964341,2.31605562964341,1.4063419785804,1.10269048798985,0.439528107643127,"Southeast"
"rr201611_037_southeast_dem_low",13,2.32332992050379,2.32161078879305,2.32161078879305,1.84067416646034,1.20639357828382,0.626126527786255,"Southeast"
"rr201611_037_southeast_dem_low",14,2.33945242669515,2.31533014560283,2.31533014560283,1.68670987907792,1.22438862014979,0.669933319091797,"Southeast"
"rr201611_037_southeast_dem_low",15,2.26020139560345,2.25646025238762,2.25646025238762,1.66790208835368,1.20475040131318,0.781314611434937,"Southeast"
"rr201611_037_southeast_dem_low",16,2.22285761139939,2.21024027657821,2.21024027657821,1.78322714703854,1.21156526249321,0.933628082275391,"Southeast"
"rr201611_039_EasterPoint_dem_low",1,2.29061274270477,2.28699446093119,2.28699446093119,1.34174027886027,1.1020135201673,0.484419822692871,"Easter Point"
"rr201611_039_EasterPoint_dem_low",2,2.32697125007535,2.32588232174178,2.32588232174178,1.33654650222846,1.10156870619257,0.422371864318848,"Easter Point"
"rr201611_039_EasterPoint_dem_low",3,2.3294100520615,2.3215286896433,2.3215286896433,1.39722877143788,1.12775499208836,0.483889102935791,"Easter Point"
"rr201611_039_EasterPoint_dem_low",4,2.26813737415079,2.2774257058278,2.2774257058278,1.23674925221189,1.07293905147428,0.420485496520996,"Easter Point"
"rr201611_039_EasterPoint_dem_low",5,2.30306198143984,2.27643860501528,2.27643860501528,1.23494071784568,1.0781108462512,0.437173128128052,"Easter Point"
"rr201611_039_EasterPoint_dem_low",6,2.25258421005538,2.25378650229255,2.25378650229255,1.39067104101395,1.11602924882242,0.581571102142334,"Easter Point"
"rr201611_039_EasterPoint_dem_low",7,2.21321560460518,2.20103664882509,2.20103664882509,1.38788940741097,1.09841592781539,0.640373229980469,"Easter Point"
"rr201611_039_EasterPoint_dem_low",8,2.29125680980683,2.27903708530811,2.27903708530811,1.43293480262816,1.12533152452377,0.555003643035889,"Easter Point"
"rr201611_039_EasterPoint_dem_low",9,2.22434607230456,2.209485457804,2.209485457804,1.36771985189144,1.10728686604572,0.650688409805298,"Easter Point"
"rr201611_039_EasterPoint_dem_low",10,2.29010625787146,2.29161717861352,2.29161717861352,1.2897468528528,1.0893813203334,0.444886922836304,"Easter Point"
"rr201611_039_EasterPoint_dem_low",11,2.22814123333098,2.21804140611096,2.21804140611096,1.51330226977132,1.14875811657196,0.751093626022339,"Easter Point"
"rr201611_039_EasterPoint_dem_low",12,2.20130465895097,2.18468143182997,2.18468143182997,1.53626556516007,1.13903274341447,0.813277959823608,"Easter Point"
"rr201611_039_EasterPoint_dem_low",13,2.19211532818527,2.21548510468079,2.21548510468079,1.3944828469964,1.1347808982048,0.718949556350708,"Easter Point"
"rr201611_039_EasterPoint_dem_low",14,2.32528458126039,2.32180070339989,2.32180070339989,1.30189956534263,1.10072976593615,0.426531076431274,"Easter Point"
"rr201611_039_EasterPoint_dem_low",15,2.21415560318524,2.20841624461924,2.20841624461924,1.27437783548955,1.08946530919202,0.593871116638184,"Easter Point"
"rr201611_039_EasterPoint_dem_low",16,2.26497534453668,2.26841081567319,2.26841081567319,1.34951623146672,1.11276049235355,0.544565439224243,"Easter Point"
"rr201611_040_NoMansLand_dem_low",1,2.2698641106199,2.28114803337616,2.28114803337616,1.2445786536091,1.04828219082229,0.3357093334198,"No Mans Land"
"rr201611_040_NoMansLand_dem_low",2,2.34491497982341,2.33428283494309,2.33428283494309,1.34146577236777,1.07844596182674,0.358553409576416,"No Mans Land"
"rr201611_040_NoMansLand_dem_low",3,2.28670892142285,2.26441157319099,2.26441157319099,1.37555311257844,1.0922445137045,0.496984004974365,"No Mans Land"
"rr201611_040_NoMansLand_dem_low",4,2.26642829136992,2.26082956990723,2.26082956990723,1.4792320704579,1.11944840263387,0.576313734054565,"No Mans Land"
"rr201611_040_NoMansLand_dem_low",5,2.31696916996425,2.32375416185234,2.32375416185234,1.29196668412994,1.05897198405835,0.320918321609497,"No Mans Land"
"rr201611_040_NoMansLand_dem_low",6,2.26762321231683,2.26286452958721,2.26286452958721,1.37957987540233,1.0922642969842,0.499711751937866,"No Mans Land"
"rr201611_040_NoMansLand_dem_low",7,2.26690358184601,2.25450889305194,2.25450889305194,1.38671192088879,1.09874003310524,0.532962799072266,"No Mans Land"
"rr201611_040_NoMansLand_dem_low",8,2.34917991974061,2.35848918861895,2.35848918861895,1.29185247029118,1.07476895106167,0.321595907211304,"No Mans Land"
"rr201611_040_NoMansLand_dem_low",9,2.35080875045777,2.33584294925064,2.33584294925064,1.52092697451955,1.12769590787634,0.460356473922729,"No Mans Land"
"rr201611_040_NoMansLand_dem_low",10,2.3204691458651,2.31725832770303,2.31725832770303,1.55781163128797,1.1458086395178,0.526878833770752,"No Mans Land"
"rr201611_040_NoMansLand_dem_low",11,2.32534033478495,2.33875240024761,2.33875240024761,1.33022183366575,1.07452839610744,0.343789339065552,"No Mans Land"
"rr201611_040_NoMansLand_dem_low",12,2.36552588401729,2.3742822073256,2.3742822073256,1.25451214975475,1.06107406149527,0.274264335632324,"No Mans Land"
"rr201611_040_NoMansLand_dem_low",13,2.36658413312382,2.36632321566879,2.36632321566879,1.40233019029857,1.10678674284851,0.376914262771606,"No Mans Land"
"rr201611_040_NoMansLand_dem_low",14,2.35000297194269,2.34486329136149,2.34486329136149,1.45096818571861,1.11093362641506,0.414231300354004,"No Mans Land"
"rr201611_040_NoMansLand_dem_low",15,2.35124485300547,2.35872596766869,2.35872596766869,1.49233302902838,1.11062288129213,0.394217967987061,"No Mans Land"
"rr201611_040_NoMansLand_dem_low",16,2.35002388963227,2.35368963914811,2.35368963914811,1.55670925104487,1.1407001195002,0.455631971359253,"No Mans Land"
"rr201611_041_NorthOfParadise_dem_low",1,2.16675572540508,2.16428054996807,2.16428054996807,1.36564161403246,1.06368194603015,0.58024001121521,"North of Paradise"
"rr201611_041_NorthOfParadise_dem_low",2,2.21314460071788,2.21556462789143,2.21556462789143,1.2315550815567,1.05002097065616,0.429084777832031,"North of Paradise"
"rr201611_041_NorthOfParadise_dem_low",3,2.23836143831353,2.24613771584368,2.24613771584368,1.23494486043007,1.05368121600922,0.400173664093018,"North of Paradise"
"rr201611_041_NorthOfParadise_dem_low",4,2.32435997729971,2.33544709999792,2.33544709999792,1.34723482126107,1.07767649587541,0.355288028717041,"North of Paradise"
"rr201611_041_NorthOfParadise_dem_low",5,2.24605432183787,2.23954698001104,2.23954698001104,1.44456818362616,1.10421209835541,0.577423810958862,"North of Paradise"
"rr201611_041_NorthOfParadise_dem_low",6,2.32899290702774,2.32048551763013,2.32048551763013,1.47888554828939,1.12241669188352,0.474790334701538,"North of Paradise"
"rr201611_041_NorthOfParadise_dem_low",7,2.21831994894114,2.22349334372396,2.22349334372396,1.22231946607393,1.05203784269658,0.425996780395508,"North of Paradise"
"rr201611_041_NorthOfParadise_dem_low",8,2.25546593939799,2.2599329143973,2.2599329143973,1.40896740555348,1.08842561174349,0.493748188018799,"North of Paradise"
"rr201611_041_NorthOfParadise_dem_low",9,2.34935903044205,2.33856311015716,2.33856311015716,1.48399809350937,1.14090090418234,0.480520486831665,"North of Paradise"
"rr201611_041_NorthOfParadise_dem_low",10,2.3511702197376,2.36064253824541,2.36064253824541,1.57687721162468,1.15692534771272,0.471506834030151,"North of Paradise"
"rr201611_041_NorthOfParadise_dem_low",11,2.27298457672227,2.26728466213893,2.26728466213893,1.50769663956771,1.1306594753941,0.590974807739258,"North of Paradise"
"rr201611_041_NorthOfParadise_dem_low",12,2.19862906556313,2.19838726373612,2.19838726373612,1.47531697188479,1.11366570331966,0.697068214416504,"North of Paradise"
"rr201611_041_NorthOfParadise_dem_low",13,2.35749951460878,2.35589870933999,2.35589870933999,1.70751762551691,1.23525266556214,0.597440481185913,"North of Paradise"
"rr201611_041_NorthOfParadise_dem_low",14,2.31789137908174,2.30522764851169,2.30522764851169,1.66424644956932,1.209799897542,0.668668270111084,"North of Paradise"
"rr201611_041_NorthOfParadise_dem_low",15,2.27974096937965,2.25779180635419,2.25779180635419,1.68124754665114,1.18215284923538,0.729777097702026,"North of Paradise"
"rr201611_041_NorthOfParadise_dem_low",16,2.25003891235825,2.24422464860901,2.24422464860901,1.50788626454844,1.13782062936456,0.658556461334229,"North of Paradise"
"rr201611_042_GnarlyTree_dem_low",1,2.3098391816325,2.32674219466437,2.32674219466437,1.58086876361011,1.15172015249832,0.520791053771973,"Gnarly Tree"
"rr201611_042_GnarlyTree_dem_low",2,2.26922737857786,2.26359430849442,2.26359430849442,1.64378953822103,1.16943223895045,0.68780779838562,"Gnarly Tree"
"rr201611_042_GnarlyTree_dem_low",3,2.30639477549454,2.29877593504627,2.29877593504627,1.53500379512944,1.14901967562374,0.56830883026123,"Gnarly Tree"
"rr201611_042_GnarlyTree_dem_low",4,2.41783744184937,2.39991340554556,2.39991340554556,1.65999782366984,1.20736140918877,0.478537559509277,"Gnarly Tree"
"rr201611_042_GnarlyTree_dem_low",5,2.32045558118899,2.3181232359937,2.3181232359937,1.57340888280645,1.14408014056511,0.521968603134155,"Gnarly Tree"
"rr201611_042_GnarlyTree_dem_low",6,2.33613518897612,2.33151699361126,2.33151699361126,1.65228146240873,1.19007108492835,0.578428030014038,"Gnarly Tree"
"rr201611_042_GnarlyTree_dem_low",7,2.43738869228148,2.43094213343926,2.43094213343926,1.58428475757835,1.19875993956812,0.41991925239563,"Gnarly Tree"
"rr201611_042_GnarlyTree_dem_low",8,2.4231515685762,2.40123691515198,2.40123691515198,1.61613198720727,1.22059345413137,0.492781162261963,"Gnarly Tree"
"rr201611_042_GnarlyTree_dem_low",9,2.36472934581422,2.3391462907408,2.3391462907408,1.72609160097193,1.2279967536385,0.62230110168457,"Gnarly Tree"
"rr201611_042_GnarlyTree_dem_low",10,2.37070924461741,2.33736893322625,2.33736893322625,1.66033105426135,1.23819494759255,0.641459703445435,"Gnarly Tree"
"rr201611_042_GnarlyTree_dem_low",11,2.37869101833989,2.37301140269665,2.37301140269665,1.5699855360703,1.20287038977509,0.519051790237427,"Gnarly Tree"
"rr201611_042_GnarlyTree_dem_low",12,2.33750707079612,2.32030281722726,2.32030281722726,1.67364031231186,1.21621045496624,0.645186185836792,"Gnarly Tree"
"rr201611_042_GnarlyTree_dem_low",13,2.369023390775,2.34192530983458,2.34192530983458,1.64836700991105,1.23071354061787,0.620375394821167,"Gnarly Tree"
"rr201611_042_GnarlyTree_dem_low",14,2.3351214696011,2.32366158895714,2.32366158895714,1.51735812498194,1.16278817818752,0.546643495559692,"Gnarly Tree"
"rr201611_042_GnarlyTree_dem_low",15,2.35466952589009,2.34083202423917,2.34083202423917,1.53749431040769,1.19202725961505,0.563178539276123,"Gnarly Tree"
"rr201611_042_GnarlyTree_dem_low",16,2.38973645682783,2.3764198027895,2.3764198027895,1.58190979256349,1.21057299501159,0.523516654968262,"Gnarly Tree"
"rr201611_045_WashingMachine_dem_low",1,2.32561900633301,2.32402910576977,2.32402910576977,1.64216681495165,1.16366095542192,0.547519683837891,"Washing Machine"
"rr201611_045_WashingMachine_dem_low",2,2.35760591551043,2.33979265299817,2.33979265299817,1.64616751152588,1.22929795972482,0.622859716415405,"Washing Machine"
"rr201611_045_WashingMachine_dem_low",3,2.35024189232718,2.3579698078803,2.3579698078803,1.73021720739476,1.23891247879634,0.598252773284912,"Washing Machine"
"rr201611_045_WashingMachine_dem_low",4,2.31245675787393,2.31278303304563,2.31278303304563,1.7136633854972,1.24196473658159,0.704612016677856,"Washing Machine"
"rr201611_045_WashingMachine_dem_low",5,2.36562346064827,2.36134562495438,2.36134562495438,1.66624599412054,1.21540330223195,0.558493614196777,"Washing Machine"
"rr201611_045_WashingMachine_dem_low",6,2.36101620299093,2.3515109405629,2.3515109405629,1.65873314927901,1.20784269984346,0.566656351089478,"Washing Machine"
"rr201611_045_WashingMachine_dem_low",7,2.44583776124917,2.43592204158958,2.43592204158958,1.52367703622771,1.18301772346432,0.394631862640381,"Washing Machine"
"rr201611_045_WashingMachine_dem_low",8,2.39210556484841,2.37754822350024,2.37754822350024,1.51161429402813,1.17571837682025,0.472594022750854,"Washing Machine"
"rr201611_045_WashingMachine_dem_low",9,2.35199361110935,2.34669787062691,2.34669787062691,1.66760380196922,1.22007835667476,0.59454607963562,"Washing Machine"
"rr201611_045_WashingMachine_dem_low",10,2.42339528971806,2.42433901760323,2.42433901760323,1.57576778118824,1.19654398211931,0.427022695541382,"Washing Machine"
"rr201611_045_WashingMachine_dem_low",11,2.4231021224944,2.41066793516674,2.41066793516674,1.66032107328638,1.22388265180957,0.480833053588867,"Washing Machine"
"rr201611_045_WashingMachine_dem_low",12,2.4968422553682,2.49427100839282,2.49427100839282,1.54087272867731,1.1790047447038,0.318532943725586,"Washing Machine"
"rr201611_045_WashingMachine_dem_low",13,2.20424633824659,2.17178253255252,2.17178253255252,1.89666863932864,1.29976381368769,1.29484486579895,"Washing Machine"
"rr201611_045_WashingMachine_dem_low",14,2.3758192683649,2.375138894748,2.375138894748,1.47950457647543,1.15525453677188,0.445837020874023,"Washing Machine"
"rr201611_045_WashingMachine_dem_low",15,2.23206915668356,2.24963451497521,2.24963451497521,1.64432376959566,1.22317784564966,0.838726282119751,"Washing Machine"
"rr201611_045_WashingMachine_dem_low",16,2.3960576749033,2.40600688563005,2.40600688563005,1.68418666544106,1.22514825059411,0.490182161331177,"Washing Machine"
"rr201611_046_NorthReef02_dem_low",1,2.11084654986444,2.08995771819256,2.08995771819256,1.34857239281524,1.08890108405568,0.892395973205566,"North Reef 2"
"rr201611_046_NorthReef02_dem_low",2,2.14431753946294,2.14649891392989,2.14649891392989,1.31227888085892,1.1027513767878,0.791279554367065,"North Reef 2"
"rr201611_046_NorthReef02_dem_low",3,2.24356328346417,2.223486087708,2.223486087708,1.24980991139224,1.08595793933982,0.552027463912964,"North Reef 2"
"rr201611_046_NorthReef02_dem_low",4,2.29994872875029,2.28717613482111,2.28717613482111,1.17351018970615,1.05642708693677,0.356124877929688,"North Reef 2"
"rr201611_046_NorthReef02_dem_low",5,2.25635049060962,2.28206089184233,2.28206089184233,1.32423995253548,1.07857541188231,0.430058240890503,"North Reef 2"
"rr201611_046_NorthReef02_dem_low",6,2.35739877489246,2.35938891867293,2.35938891867293,1.1519345368219,1.05042072742037,0.261719942092896,"North Reef 2"
"rr201611_046_NorthReef02_dem_low",7,2.14093323693726,2.13634567391951,2.13634567391951,1.31971942578383,1.09222563124481,0.774558782577515,"North Reef 2"
"rr201611_046_NorthReef02_dem_low",8,2.05532247832755,2.03636006448878,2.03636006448878,1.3668236559912,1.10063653582248,1.14649176597595,"North Reef 2"
"rr201611_046_NorthReef02_dem_low",9,2.1658560250043,2.16393287256054,2.16393287256054,1.23285344390226,1.06178732375119,0.571969747543335,"North Reef 2"
"rr201611_046_NorthReef02_dem_low",10,2.18586495869676,2.15584961208245,2.15584961208245,1.4851315889118,1.09612499976888,0.739766597747803,"North Reef 2"
"rr201611_046_NorthReef02_dem_low",11,2.19832234913725,2.21524625948734,2.21524625948734,1.61634065560029,1.16250383606676,0.795201778411865,"North Reef 2"
"rr201611_046_NorthReef02_dem_low",12,2.10222553345667,2.0984935108563,2.0984935108563,1.36593699047797,1.11092849970898,0.972872257232666,"North Reef 2"
"rr201611_046_NorthReef02_dem_low",13,2.14149965082208,2.13001391934986,2.13001391934986,1.16117208142529,1.04639243848068,0.555357456207275,"North Reef 2"
"rr201611_046_NorthReef02_dem_low",14,2.22860830369136,2.21810200189154,2.21810200189154,1.13843112959922,1.04543597994086,0.404912948608398,"North Reef 2"
"rr201611_046_NorthReef02_dem_low",15,2.22961564899736,2.22754128304018,2.22754128304018,1.20559809825981,1.06528626976135,0.47202205657959,"North Reef 2"
"rr201611_046_NorthReef02_dem_low",16,2.10947145696362,2.10602727570819,2.10602727570819,1.33244389301492,1.12089452723209,0.991792678833008,"North Reef 2"
"rr201611_049_NorthReef01_dem_low",1,2.20029380854405,2.20788632079245,2.20788632079245,1.44583254198851,1.10649912971919,0.651776313781738,"North Reef 1"
"rr201611_049_NorthReef01_dem_low",2,2.22953486237609,2.22255100756128,2.22255100756128,1.40447687308907,1.08292471576452,0.543564558029175,"North Reef 1"
"rr201611_049_NorthReef01_dem_low",3,2.0977391218949,2.07691969600332,2.07691969600332,1.17308870592139,1.04430163733682,0.652006149291992,"North Reef 1"
"rr201611_049_NorthReef01_dem_low",4,2.08032986318891,2.06103463258037,2.06103463258037,1.26892895918943,1.07128716598978,0.879639148712158,"North Reef 1"
"rr201611_049_NorthReef01_dem_low",5,2.2341603305086,2.25711252759877,2.25711252759877,1.39759718052099,1.13785072360783,0.629861831665039,"North Reef 1"
"rr201611_049_NorthReef01_dem_low",6,2.14322563316141,2.15088120298226,2.15088120298226,1.21434898170401,1.06929878251047,0.63492226600647,"North Reef 1"
"rr201611_049_NorthReef01_dem_low",7,2.1480038635438,2.15004046442973,2.15004046442973,1.14534040576464,1.04918232251865,0.533834218978882,"North Reef 1"
"rr201611_049_NorthReef01_dem_low",8,2.29279351044066,2.29414675252133,2.29414675252133,1.26289110746929,1.0795782144184,0.415140151977539,"North Reef 1"
"rr201611_049_NorthReef01_dem_low",9,2.16604228395392,2.17940880093789,2.17940880093789,1.37689448780833,1.12161291146602,0.771490812301636,"North Reef 1"
"rr201611_049_NorthReef01_dem_low",10,2.19098043876143,2.18707567105342,2.18707567105342,1.21418474317493,1.06799208006003,0.554589509963989,"North Reef 1"
"rr201611_049_NorthReef01_dem_low",11,2.26519286980607,2.29123585913118,2.29123585913118,1.18453211186785,1.05773657843727,0.355313539505005,"North Reef 1"
"rr201611_049_NorthReef01_dem_low",12,2.32817623727007,2.32082928363183,2.32082928363183,1.2121382204326,1.06520159899253,0.341396570205688,"North Reef 1"
"rr201611_049_NorthReef01_dem_low",13,2.20501004543874,2.19833371652438,2.19833371652438,1.23662529057859,1.07096308887273,0.545287370681763,"North Reef 1"
"rr201611_049_NorthReef01_dem_low",14,2.3425359169278,2.33882200502337,2.33882200502337,1.17450290631447,1.05223210842691,0.286186456680298,"North Reef 1"
"rr201611_049_NorthReef01_dem_low",15,2.29880089026055,2.30380587613354,2.30380587613354,1.12234306610896,1.03956561839006,0.280349254608154,"North Reef 1"
"rr201611_049_NorthReef01_dem_low",16,2.19594384867831,2.18393209582425,2.18393209582425,1.15693262965263,1.05829380681985,0.517922163009644,"North Reef 1"
"rr201611_050_horsehoe_DEM_low",1,2.32627453900136,2.31242085507052,2.31242085507052,2.36283418479332,1.44521471341889,0.999419927597046,"Horseshoe"
"rr201611_050_horsehoe_DEM_low",2,2.29300893399446,2.29497405825301,2.29497405825301,2.47102257042728,1.48716275876229,1.12009263038635,"Horseshoe"
"rr201611_050_horsehoe_DEM_low",3,2.34820991492127,2.33622577599813,2.33622577599813,1.77937073782328,1.26167322408835,0.67853045463562,"Horseshoe"
"rr201611_050_horsehoe_DEM_low",4,2.35873586138072,2.35051257122843,2.35051257122843,1.51908755785288,1.17490445305837,0.517715930938721,"Horseshoe"
"rr201611_050_horsehoe_DEM_low",5,2.20782165768718,2.216922700922,2.216922700922,2.26902117473968,1.32987086640366,1.16918087005615,"Horseshoe"
"rr201611_050_horsehoe_DEM_low",6,2.21356069028217,2.20910422600401,2.20910422600401,2.05518545919093,1.28075499646596,1.09651565551758,"Horseshoe"
"rr201611_050_horsehoe_DEM_low",7,2.22353903609544,2.24064429456464,2.24064429456464,1.86025843599143,1.26049608752773,0.942631006240845,"Horseshoe"
"rr201611_050_horsehoe_DEM_low",8,2.33472543757787,2.29367297550816,2.29367297550816,1.55991081871443,1.1665199245965,0.613956451416016,"Horseshoe"
"rr201611_050_horsehoe_DEM_low",9,2.25164055861726,2.23552104819689,2.23552104819689,1.84520134032804,1.28014056717617,0.999353885650635,"Horseshoe"
"rr201611_050_horsehoe_DEM_low",10,2.26753571660496,2.28153737679641,2.28153737679641,2.61251039911988,1.45906553704584,1.13269090652466,"Horseshoe"
"rr201611_050_horsehoe_DEM_low",11,2.23544777580241,2.24735335148455,2.24735335148455,2.11336227293831,1.30033530435256,0.997561931610107,"Horseshoe"
"rr201611_050_horsehoe_DEM_low",12,2.29087162531501,2.27010734156804,2.27010734156804,1.82489498280191,1.25487688087778,0.840852022171021,"Horseshoe"
"rr201611_050_horsehoe_DEM_low",13,2.18172021020407,2.18867313759919,2.18867313759919,2.33061148365419,1.36746161165773,1.37186408042908,"Horseshoe"
"rr201611_050_horsehoe_DEM_low",14,2.29105171649856,2.2946937702047,2.2946937702047,2.35780101434358,1.41139718375564,1.01449918746948,"Horseshoe"
"rr201611_050_horsehoe_DEM_low",15,2.24658690566794,2.24260110222246,2.24260110222246,1.95787119466812,1.2940296768381,1.00204920768738,"Horseshoe"
"rr201611_050_horsehoe_DEM_low",16,2.23234116722752,2.24400558943568,2.24400558943568,1.91457759913528,1.24938092106067,0.909375190734863,"Horseshoe"
"rr201611_051_Vickis_dem_low",1,2.28925311663827,2.28674366956581,2.28674366956581,2.56689592593114,1.51774541413535,1.19540977478027,"Vickis"
"rr201611_051_Vickis_dem_low",2,2.2988515281321,2.27749478035292,2.27749478035292,2.21960656357381,1.42862476084504,1.1030433177948,"Vickis"
"rr201611_051_Vickis_dem_low",3,2.28984726470261,2.26776527938569,2.26776527938569,2.77881662813609,1.61474249600205,1.41768312454224,"Vickis"
"rr201611_051_Vickis_dem_low",4,2.38877293684094,2.38190978918818,2.38190978918818,2.20519044528218,1.42490519005508,0.764199733734131,"Vickis"
"rr201611_051_Vickis_dem_low",5,2.14777291176304,2.16294536773142,2.16294536773142,1.94121910566603,1.22192692262475,1.12916564941406,"Vickis"
"rr201611_051_Vickis_dem_low",6,2.21426818600371,2.21493150228887,2.21493150228887,3.31871164635826,1.68191349050304,1.8160502910614,"Vickis"
"rr201611_051_Vickis_dem_low",7,2.25682106933613,2.25022292850892,2.25022292850892,2.74641942127163,1.55650671422832,1.41736149787903,"Vickis"
"rr201611_051_Vickis_dem_low",8,2.40657616335123,2.40796773746616,2.40796773746616,3.26580783578516,1.79699062515051,1.02698588371277,"Vickis"
"rr201611_051_Vickis_dem_low",9,2.1688798211465,2.15335530633679,2.15335530633679,1.9649573203079,1.26053815596662,1.27574491500854,"Vickis"
"rr201611_051_Vickis_dem_low",10,2.21320179760055,2.22478956608155,2.22478956608155,2.82414809683174,1.57965675288631,1.58697247505188,"Vickis"
"rr201611_051_Vickis_dem_low",11,2.30331744714719,2.27243122537911,2.27243122537911,2.37439974405279,1.45704266346308,1.16594982147217,"Vickis"
"rr201611_051_Vickis_dem_low",12,2.39792304485845,2.3722450315333,2.3722450315333,2.57750352512055,1.56696398534975,0.939178228378296,"Vickis"
"rr201611_051_Vickis_dem_low",13,2.27845040199133,2.27047879608959,2.27047879608959,2.13267946073331,1.37694926821889,1.0485405921936,"Vickis"
"rr201611_051_Vickis_dem_low",14,2.27940943459094,2.27440926701823,2.27440926701823,2.32061002814082,1.53902428487832,1.27836680412292,"Vickis"
"rr201611_051_Vickis_dem_low",15,2.46672327586359,2.4583453965859,2.4583453965859,2.58325904659287,1.53188572281194,0.67034387588501,"Vickis"
"rr201611_051_Vickis_dem_low",16,2.24954187383581,2.25728845171654,2.25728845171654,2.16516525131598,1.38954190153556,1.1187207698822,"Vickis"
"rr201611_052_SouthIsland_dem_low",1,2.28301025263797,2.31088082743526,2.31088082743526,1.34015049163641,1.10844632772049,0.460480690002441,"South Island"
"rr201611_052_SouthIsland_dem_low",2,2.26228195023001,2.27553333961392,2.27553333961392,1.56547962973336,1.15737190176265,0.634237766265869,"South Island"
"rr201611_052_SouthIsland_dem_low",3,2.27284111713636,2.29098380144422,2.29098380144422,1.38545139519153,1.1235531380539,0.528480768203735,"South Island"
"rr201611_052_SouthIsland_dem_low",4,2.03568247225157,2.00228319334981,2.00228319334981,1.68843116110116,1.17350207727833,1.72322034835815,"South Island"
"rr201611_052_SouthIsland_dem_low",5,2.11419634162556,2.15272896179457,2.15272896179457,1.5593479933613,1.1695322355778,1.0103554725647,"South Island"
"rr201611_052_SouthIsland_dem_low",6,2.1556379891972,2.16578576136631,2.16578576136631,1.72756007241122,1.22833944852615,1.1357786655426,"South Island"
"rr201611_052_SouthIsland_dem_low",7,2.23409254805485,2.24899834850812,2.24899834850812,1.41201044672663,1.13683292289958,0.645276308059692,"South Island"
"rr201611_052_SouthIsland_dem_low",8,2.06154645152041,2.10239185896915,2.10239185896915,2.41956761099941,1.29772749774452,1.64054679870605,"South Island"
"rr201611_052_SouthIsland_dem_low",9,2.09513740210281,2.0740737382055,2.0740737382055,1.58504980252352,1.17696530973309,1.35807180404663,"South Island"
"rr201611_052_SouthIsland_dem_low",10,2.06627012137289,2.05407639814112,2.05407639814112,1.75680418254121,1.20005392845158,1.55575823783875,"South Island"
"rr201611_052_SouthIsland_dem_low",11,2.21995106489316,2.22912780596162,2.22912780596162,1.38871733983702,1.13480261515097,0.685806035995483,"South Island"
"rr201611_052_SouthIsland_dem_low",12,2.16932057389482,2.19953586741987,2.19953586741987,2.27522534571755,1.32982540190328,1.24170184135437,"South Island"
"rr201611_052_SouthIsland_dem_low",13,2.02538985575004,2.04656370528172,2.04656370528172,1.70819577336746,1.18808739771919,1.54408717155457,"South Island"
"rr201611_052_SouthIsland_dem_low",14,2.06610824020047,2.05098683463903,2.05098683463903,1.71015051499993,1.16994023073908,1.43937563896179,"South Island"
"rr201611_052_SouthIsland_dem_low",15,2.21216930276634,2.20155758967235,2.20155758967235,1.687458631904,1.19741055074513,0.926427364349365,"South Island"
"rr201611_052_SouthIsland_dem_low",16,2.12807464542296,2.1506006869327,2.1506006869327,2.00068114737278,1.2475204110229,1.25177335739136,"South Island"
"rr201611_053_Trimodal_dem_low",1,2.38351933478375,2.37107181987476,2.37107181987476,1.51961727939392,1.17029581466889,0.475212335586548,"Trimodal"
"rr201611_053_Trimodal_dem_low",2,2.37824250788621,2.38327986758383,2.38327986758383,1.77168910334851,1.2297809444326,0.536339044570923,"Trimodal"
"rr201611_053_Trimodal_dem_low",3,2.36150725302222,2.35916113499173,2.35916113499173,1.82679418997988,1.27335919818537,0.642176628112793,"Trimodal"
"rr201611_053_Trimodal_dem_low",4,2.35424770367407,2.35024374594641,2.35024374594641,1.67263834922707,1.20632379957041,0.566871881484985,"Trimodal"
"rr201611_053_Trimodal_dem_low",5,2.37722991998857,2.36442270737751,2.36442270737751,1.48663718396656,1.14983599190204,0.453988552093506,"Trimodal"
"rr201611_053_Trimodal_dem_low",6,2.38108084552665,2.37467812997348,2.37467812997348,1.75416264856119,1.26554360860893,0.598759412765503,"Trimodal"
"rr201611_053_Trimodal_dem_low",7,2.39329847697861,2.3858919714795,2.3858919714795,1.73788656637396,1.25554509204321,0.563740491867065,"Trimodal"
"rr201611_053_Trimodal_dem_low",8,2.42928729192968,2.43347059566932,2.43347059566932,1.59643959875682,1.20074164347193,0.418514013290405,"Trimodal"
"rr201611_053_Trimodal_dem_low",9,2.3386057299218,2.33521770125399,2.33521770125399,1.77573412114327,1.26020886618335,0.678777456283569,"Trimodal"
"rr201611_053_Trimodal_dem_low",10,2.37943048462849,2.36795241734428,2.36795241734428,1.68301051240289,1.19276778426727,0.513730049133301,"Trimodal"
"rr201611_053_Trimodal_dem_low",11,2.37403934231329,2.3771317079405,2.3771317079405,1.54908879347342,1.16977515390347,0.464568376541138,"Trimodal"
"rr201611_053_Trimodal_dem_low",12,2.31144587586959,2.30791878637858,2.30791878637858,1.57121942334738,1.15700526693002,0.566192030906677,"Trimodal"
"rr201611_053_Trimodal_dem_low",13,2.39941193473377,2.40392008682875,2.40392008682875,1.75223655019744,1.23551456035853,0.506153583526611,"Trimodal"
"rr201611_053_Trimodal_dem_low",14,2.38214123307443,2.38048282900858,2.38048282900858,1.80680615036081,1.2460324277901,0.562426090240479,"Trimodal"
"rr201611_053_Trimodal_dem_low",15,2.43804481258873,2.42969050340928,2.42969050340928,1.76822304931023,1.24763433109592,0.475953578948975,"Trimodal"
"rr201611_053_Trimodal_dem_low",16,2.29365498992485,2.28923885287475,2.28923885287475,1.4558179331186,1.11105674333852,0.502596616744995,"Trimodal"
"rr201611_054_lagoon02_dem_low",1,2.38997631114034,2.38673861401015,2.38673861401015,2.27357436670284,1.30769797835078,0.623874425888062,"Lagoon 2"
"rr201611_054_lagoon02_dem_low",2,2.4307160657404,2.42172720056664,2.42172720056664,1.8795445681814,1.28030132116288,0.524313449859619,"Lagoon 2"
"rr201611_054_lagoon02_dem_low",3,2.49716224293843,2.48666546233435,2.48666546233435,2.02062090064899,1.36891959307831,0.489532470703125,"Lagoon 2"
"rr201611_054_lagoon02_dem_low",4,2.40122088499877,2.40024758931684,2.40024758931684,2.42253854314101,1.35819079496443,0.649320363998413,"Lagoon 2"
"rr201611_054_lagoon02_dem_low",5,2.58301723933525,2.58501321930084,2.58501321930084,3.0106196128687,1.75844165091289,0.538648366928101,"Lagoon 2"
"rr201611_054_lagoon02_dem_low",6,2.46808733421961,2.46785292322784,2.46785292322784,2.04364167702072,1.35343235311291,0.509753465652466,"Lagoon 2"
"rr201611_054_lagoon02_dem_low",7,2.45754965807153,2.43801833131173,2.43801833131173,2.18124895232096,1.33656364934871,0.549647331237793,"Lagoon 2"
"rr201611_054_lagoon02_dem_low",8,2.47491496486299,2.46193247134738,2.46193247134738,2.13526355072473,1.3948848163428,0.554810762405396,"Lagoon 2"
"rr201611_054_lagoon02_dem_low",9,2.49868189403709,2.49781822853753,2.49781822853753,2.86381691225182,1.66415021180888,0.670141339302063,"Lagoon 2"
"rr201611_054_lagoon02_dem_low",10,2.4182795128165,2.41475860616575,2.41475860616575,2.08583554113422,1.34323016767181,0.602519750595093,"Lagoon 2"
"rr201611_054_lagoon02_dem_low",11,2.36057595208366,2.35610899432986,2.35610899432986,1.95048446290729,1.23853584640753,0.601598024368286,"Lagoon 2"
"rr201611_054_lagoon02_dem_low",12,2.38699654764333,2.3784306880885,2.3784306880885,2.67997176014237,1.40334031404016,0.750228404998779,"Lagoon 2"
"rr201611_054_lagoon02_dem_low",13,2.31996591070761,2.3401673399656,2.3401673399656,1.52962992476696,1.11831313126827,0.435565710067749,"Lagoon 2"
"rr201611_054_lagoon02_dem_low",14,2.34113318370344,2.31600162279557,2.31600162279557,1.46408967621392,1.08887892313248,0.407634735107422,"Lagoon 2"
"rr201611_054_lagoon02_dem_low",15,2.29217547945579,2.2726639512371,2.2726639512371,1.61877313643544,1.12056491086723,0.555880069732666,"Lagoon 2"
"rr201611_054_lagoon02_dem_low",16,2.48630450997741,2.48091250282708,2.48091250282708,2.42029824163987,1.43766953859594,0.551772594451904,"Lagoon 2"
"rr201611_055_Lagoon01_dem_low",1,2.48838219810194,2.46769510567665,2.46769510567665,1.77698452130534,1.2632398100236,0.431653022766113,"Lagoon 1"
"rr201611_055_Lagoon01_dem_low",2,2.53200154173768,2.52957824723118,2.52957824723118,1.72824847814974,1.24551988637603,0.335082769393921,"Lagoon 1"
"rr201611_055_Lagoon01_dem_low",3,2.45345296483604,2.43107598508987,2.43107598508987,1.63400795089037,1.20849721746306,0.430833578109741,"Lagoon 1"
"rr201611_055_Lagoon01_dem_low",4,2.52438850682119,2.51369989958348,2.51369989958348,1.85918802658127,1.3100930323652,0.403562068939209,"Lagoon 1"
"rr201611_055_Lagoon01_dem_low",5,2.47045424889861,2.46281119778596,2.46281119778596,1.70017764059813,1.21984315868227,0.397340059280396,"Lagoon 1"
"rr201611_055_Lagoon01_dem_low",6,2.47001593944835,2.46301807658521,2.46301807658521,1.62251639915322,1.21026418469345,0.387470006942749,"Lagoon 1"
"rr201611_055_Lagoon01_dem_low",7,2.42340135195601,2.41819986083244,2.41819986083244,1.83605160000197,1.26295189539692,0.512114763259888,"Lagoon 1"
"rr201611_055_Lagoon01_dem_low",8,2.51499544894712,2.50828415252068,2.50828415252068,1.86907472867108,1.31502789766613,0.414909839630127,"Lagoon 1"
"rr201611_055_Lagoon01_dem_low",9,2.43170863228742,2.42401853509133,2.42401853509133,1.73933690909568,1.24659242310349,0.484267711639404,"Lagoon 1"
"rr201611_055_Lagoon01_dem_low",10,2.38643394642864,2.37769652142372,2.37769652142372,1.82002633150121,1.25378699913667,0.577758312225342,"Lagoon 1"
"rr201611_055_Lagoon01_dem_low",11,2.4162367341637,2.39058282509909,2.39058282509909,1.72065068334653,1.24753755739345,0.544920682907104,"Lagoon 1"
"rr201611_055_Lagoon01_dem_low",12,2.48772339388761,2.48604444788569,2.4860444478857,1.74492682619947,1.25184862671242,0.395197868347168,"Lagoon 1"
"rr201611_055_Lagoon01_dem_low",13,2.39042112401618,2.38365032593134,2.38365032593134,2.29746415410659,1.42315813555227,0.75776743888855,"Lagoon 1"
"rr201611_055_Lagoon01_dem_low",14,2.35622062636745,2.35195524754688,2.35195524754688,2.1297920304865,1.33909110298457,0.743843078613281,"Lagoon 1"
"rr201611_055_Lagoon01_dem_low",15,2.37402959422438,2.37218729042917,2.37218729042917,1.70817096043591,1.20066701805308,0.517442941665649,"Lagoon 1"
"rr201611_055_Lagoon01_dem_low",16,2.39816103778877,2.37063472961335,2.37063472961335,1.6102659578864,1.19195338085595,0.507805824279785,"Lagoon 1"
"rr201611_055_LizardHead_dem_low",1,2.1803340815348,2.15366731849255,2.15366731849255,1.37204086565765,1.10218295633723,0.7696213722229,"Lizard Head"
"rr201611_055_LizardHead_dem_low",2,2.25121703505957,2.2388829387042,2.2388829387042,1.39809831639456,1.12098821891718,0.626081705093384,"Lizard Head"
"rr201611_055_LizardHead_dem_low",3,2.25541225454824,2.26333871009725,2.26333871009725,1.45344190818754,1.14952258629235,0.643732070922852,"Lizard Head"
"rr201611_055_LizardHead_dem_low",4,2.26294380590809,2.25645727108175,2.25645727108175,1.33431916410806,1.1021958174646,0.539003372192383,"Lizard Head"
"rr201611_055_LizardHead_dem_low",5,2.18754337763347,2.19038499676724,2.19038499676724,1.59318945305254,1.1981285910535,0.964910745620728,"Lizard Head"
"rr201611_055_LizardHead_dem_low",6,2.31684905510065,2.31221565688986,2.31221565688986,1.41915108690369,1.12491717281852,0.493850708007812,"Lizard Head"
"rr201611_055_LizardHead_dem_low",7,2.20956585893646,2.17712230499505,2.17712230499505,1.37979640810468,1.11156704762501,0.743052959442139,"Lizard Head"
"rr201611_055_LizardHead_dem_low",8,2.15438705677912,2.13631382168376,2.13631382168376,1.44050250001319,1.11133007085639,0.854981184005737,"Lizard Head"
"rr201611_055_LizardHead_dem_low",9,2.24104931307537,2.22271242639488,2.22271242639488,1.46583929559613,1.12975353414627,0.687153339385986,"Lizard Head"
"rr201611_055_LizardHead_dem_low",10,2.26284652397114,2.26838196341309,2.26838196341309,1.3330516993897,1.10121433192154,0.514571905136108,"Lizard Head"
"rr201611_055_LizardHead_dem_low",11,2.16566125913187,2.15741520371441,2.15741520371441,1.3855727870247,1.09650947249378,0.737301111221313,"Lizard Head"
"rr201611_055_LizardHead_dem_low",12,2.24325671466863,2.26194870070161,2.26194870070161,1.45740649889876,1.13548563908202,0.613716602325439,"Lizard Head"
"rr201611_055_LizardHead_dem_low",13,2.23422059438679,2.21893783014233,2.21893783014233,1.42958072270809,1.13729639977474,0.717418670654297,"Lizard Head"
"rr201611_055_LizardHead_dem_low",14,2.27780909830964,2.26088047562707,2.26088047562707,1.4201039007915,1.13187388416085,0.607212781906128,"Lizard Head"
"rr201611_055_LizardHead_dem_low",15,2.20068716536314,2.19171317927142,2.19171317927142,1.37346140600744,1.11993129483768,0.733863115310669,"Lizard Head"
"rr201611_055_LizardHead_dem_low",16,2.24089595498651,2.22175135225701,2.22175135225701,1.45054514508416,1.14116955388769,0.721060991287231,"Lizard Head"
"rr201611_056_TurtleBeach_dem_low",1,2.26893015579078,2.28519273244749,2.28519273244749,2.13685137659431,1.32587929094931,0.91645073890686,"Turtle Beach"
"rr201611_056_TurtleBeach_dem_low",2,2.28779508951885,2.30123036250048,2.30123036250048,1.90586259114865,1.27056863827729,0.780466318130493,"Turtle Beach"
"rr201611_056_TurtleBeach_dem_low",3,2.19912168290611,2.19152158606863,2.19152158606863,1.70781248318744,1.18862873518938,0.935763835906982,"Turtle Beach"
"rr201611_056_TurtleBeach_dem_low",4,2.12756759931083,2.12890857422022,2.12890857422022,1.6717348919857,1.12187732964069,0.92011022567749,"Turtle Beach"
"rr201611_056_TurtleBeach_dem_low",5,2.27021542163273,2.27272129946847,2.27272129946847,1.80818771018387,1.22522636740282,0.778135538101196,"Turtle Beach"
"rr201611_056_TurtleBeach_dem_low",6,2.39094114601786,2.38770264273731,2.38770264273731,1.78978907320619,1.2520056749651,0.555884122848511,"Turtle Beach"
"rr201611_056_TurtleBeach_dem_low",7,2.22861617573341,2.23074994262649,2.23074994262649,1.88543155953417,1.21343917027071,0.873780965805054,"Turtle Beach"
"rr201611_056_TurtleBeach_dem_low",8,2.29074138161976,2.31253375321662,2.31253375321662,2.17216419849414,1.32976921815538,0.839259624481201,"Turtle Beach"
"rr201611_056_TurtleBeach_dem_low",9,2.27136055092571,2.27941419275949,2.27941419275949,1.68440219714744,1.17913049032181,0.670982360839844,"Turtle Beach"
"rr201611_056_TurtleBeach_dem_low",10,2.33844478956807,2.33047709848104,2.33047709848104,1.72777966980674,1.21047719018,0.613723754882812,"Turtle Beach"
"rr201611_056_TurtleBeach_dem_low",11,2.31382798028906,2.31119739934939,2.31119739934939,1.95554335008059,1.22677201955872,0.683563470840454,"Turtle Beach"
"rr201611_056_TurtleBeach_dem_low",12,2.43967531726935,2.43495822026315,2.43495822026315,1.93616404346361,1.26698902002426,0.487347841262817,"Turtle Beach"
"rr201611_056_TurtleBeach_dem_low",13,2.20847171431307,2.23161320263746,2.23161320263746,1.50771548518861,1.11124104740004,0.61423397064209,"Turtle Beach"
"rr201611_056_TurtleBeach_dem_low",14,2.27708184275475,2.28236044350134,2.28236044350134,1.55305206517611,1.14860117406112,0.600674510002136,"Turtle Beach"
"rr201611_056_TurtleBeach_dem_low",15,2.18521712844899,2.18286777836295,2.18286777836295,1.56702358434888,1.10639004511875,0.710430264472961,"Turtle Beach"
"rr201611_056_TurtleBeach_dem_low",16,2.40499558443059,2.40521049369888,2.40521049369888,1.69205132088296,1.17716801719934,0.431301593780518,"Turtle Beach"
