"L0","x","y","H0"
2,0,0,0.999419927597046
1,0,0,0.634901285171509
1,1,0,0.999419927597046
1,0,1,0.75415301322937
1,1,1,0.548109769821167
0.5,0,0,0.330045700073242
0.5,0.5,0,0.400866985321045
0.5,1,0,0.661202192306519
0.5,1.5,0,0.977075576782227
0.5,0,0.5,0.389114141464233
0.5,0.5,0.5,0.464549779891968
0.5,1,0.5,0.542926549911499
0.5,1.5,0.5,0.76002025604248
0.5,0,1,0.75415301322937
0.5,0.5,1,0.492979526519775
0.5,1,1,0.474607706069946
0.5,1.5,1,0.497294664382935
0.5,0,1.5,0.531764268875122
0.5,0.5,1.5,0.564383983612061
0.5,1,1.5,0.542278289794922
0.5,1.5,1.5,0.438674449920654
0.25,0,0,0.124516248703003
0.25,0.25,0,0.170642852783203
0.25,0.5,0,0.387292385101318
0.25,0.75,0,0.325228452682495
0.25,1,0,0.545437812805176
0.25,1.25,0,0.661202192306519
0.25,1.5,0,0.28183650970459
0.25,1.75,0,0.26473331451416
0.25,0,0.25,0.115495920181274
0.25,0.25,0.25,0.308937072753906
0.25,0.5,0.25,0.291788578033447
0.25,0.75,0.25,0.367353439331055
0.25,1,0.25,0.421862602233887
0.25,1.25,0.25,0.297199487686157
0.25,1.5,0.25,0.827924251556396
0.25,1.75,0.25,0.970558643341064
0.25,0,0.5,0.117272138595581
0.25,0.25,0.5,0.27699089050293
0.25,0.5,0.5,0.203838109970093
0.25,0.75,0.5,0.379229307174683
0.25,1,0.5,0.343986511230469
0.25,1.25,0.5,0.423901319503784
0.25,1.5,0.5,0.575067758560181
0.25,1.75,0.5,0.380885362625122
0.25,0,0.75,0.111154794692993
0.25,0.25,0.75,0.387038230895996
0.25,0.5,0.75,0.260968923568726
0.25,0.75,0.75,0.44109582901001
0.25,1,0.75,0.276607513427734
0.25,1.25,0.75,0.406357049942017
0.25,1.5,0.75,0.607656240463257
0.25,1.75,0.75,0.392343282699585
0.25,0,1,0.735135316848755
0.25,0.25,1,0.725482225418091
0.25,0.5,1,0.213971614837646
0.25,0.75,1,0.370978832244873
0.25,1,1,0.445184707641602
0.25,1.25,1,0.322919845581055
0.25,1.5,1,0.495121002197266
0.25,1.75,1,0.399230718612671
0.25,0,1.25,0.658469915390015
0.25,0.25,1.25,0.610832214355469
0.25,0.5,1.25,0.475274801254272
0.25,0.75,1.25,0.224346876144409
0.25,1,1.25,0.424699544906616
0.25,1.25,1.25,0.326887130737305
0.25,1.5,1.25,0.317593812942505
0.25,1.75,1.25,0.385724782943726
0.25,0,1.5,0.311156988143921
0.25,0.25,1.5,0.329626798629761
0.25,0.5,1.5,0.223102569580078
0.25,0.75,1.5,0.251676082611084
0.25,1,1.5,0.177323341369629
0.25,1.25,1.5,0.183053970336914
0.25,1.5,1.5,0.31937050819397
0.25,1.75,1.5,0.273861885070801
0.25,0,1.75,0.299494504928589
0.25,0.25,1.75,0.493300199508667
0.25,0.5,1.75,0.515740871429443
0.25,0.75,1.75,0.437906503677368
0.25,1,1.75,0.541745662689209
0.25,1.25,1.75,0.536267042160034
0.25,1.5,1.75,0.213748693466187
0.25,1.75,1.75,0.117029905319214
0.125,0,0,0.0835094451904297
0.125,0.125,0,0.0667934417724609
0.125,0.25,0,0.0966281890869141
0.125,0.375,0,0.167960166931152
0.125,0.5,0,0.307977199554443
0.125,0.625,0,0.132449865341187
0.125,0.75,0,0.208639144897461
0.125,0.875,0,0.284953832626343
0.125,1,0,0.199707984924316
0.125,1.125,0,0.345892667770386
0.125,1.25,0,0.450109243392944
0.125,1.375,0,0.44062876701355
0.125,1.5,0,0.135089874267578
0.125,1.625,0,0.151246547698975
0.125,1.75,0,0.18306565284729
0.125,1.875,0,0.180592775344849
0.125,0,0.125,0.0772914886474609
0.125,0.125,0.125,0.0788743495941162
0.125,0.25,0.125,0.121257781982422
0.125,0.375,0.125,0.09303879737854
0.125,0.5,0.125,0.276496887207031
0.125,0.625,0.125,0.332194566726685
0.125,0.75,0.125,0.249695062637329
0.125,0.875,0.125,0.204359292984009
0.125,1,0.125,0.393860101699829
0.125,1.125,0.125,0.329057455062866
0.125,1.25,0.125,0.285014390945435
0.125,1.375,0.125,0.214536666870117
0.125,1.5,0.125,0.192956686019897
0.125,1.625,0.125,0.225144147872925
0.125,1.75,0.125,0.26473331451416
0.125,1.875,0.125,0.139639854431152
0.125,0,0.25,0.0752289295196533
0.125,0.125,0.25,0.10305643081665
0.125,0.25,0.25,0.218969345092773
0.125,0.375,0.25,0.171446084976196
0.125,0.5,0.25,0.175819873809814
0.125,0.625,0.25,0.14271354675293
0.125,0.75,0.25,0.12985634803772
0.125,0.875,0.25,0.367353439331055
0.125,1,0.25,0.402075052261353
0.125,1.125,0.25,0.0401525497436523
0.125,1.25,0.25,0.079970121383667
0.125,1.375,0.25,0.109768152236938
0.125,1.5,0.25,0.157790422439575
0.125,1.625,0.25,0.568989992141724
0.125,1.75,0.25,0.800502777099609
0.125,1.875,0.25,0.585110902786255
0.125,0,0.375,0.0650956630706787
0.125,0.125,0.375,0.0734362602233887
0.125,0.25,0.375,0.171825885772705
0.125,0.375,0.375,0.183115482330322
0.125,0.5,0.375,0.247009038925171
0.125,0.625,0.375,0.189767837524414
0.125,0.75,0.375,0.277954578399658
0.125,0.875,0.375,0.215110778808594
0.125,1,0.375,0.337274789810181
0.125,1.125,0.375,0.249727964401245
0.125,1.25,0.375,0.136500597000122
0.125,1.375,0.375,0.273886203765869
0.125,1.5,0.375,0.431476593017578
0.125,1.625,0.375,0.819654703140259
0.125,1.75,0.375,0.941657066345215
0.125,1.875,0.375,0.803415060043335
0.125,0,0.5,0.0624401569366455
0.125,0.125,0.5,0.0965425968170166
0.125,0.25,0.5,0.0350360870361328
0.125,0.375,0.5,0.166850328445435
0.125,0.5,0.5,0.198478221893311
0.125,0.625,0.5,0.190613269805908
0.125,0.75,0.5,0.210282325744629
0.125,0.875,0.5,0.261965274810791
0.125,1,0.5,0.285229682922363
0.125,1.125,0.5,0.126435041427612
0.125,1.25,0.5,0.193126678466797
0.125,1.375,0.5,0.418447732925415
0.125,1.5,0.5,0.485998153686523
0.125,1.625,0.5,0.575067758560181
0.125,1.75,0.5,0.16363263130188
0.125,1.875,0.5,0.108652830123901
0.125,0,0.625,0.10238242149353
0.125,0.125,0.625,0.0896706581115723
0.125,0.25,0.625,0.112049102783203
0.125,0.375,0.625,0.27699089050293
0.125,0.5,0.625,0.126441955566406
0.125,0.625,0.625,0.139340400695801
0.125,0.75,0.625,0.377465486526489
0.125,0.875,0.625,0.11024808883667
0.125,1,0.625,0.0679984092712402
0.125,1.125,0.625,0.193175792694092
0.125,1.25,0.625,0.295575380325317
0.125,1.375,0.625,0.391572713851929
0.125,1.5,0.625,0.163814067840576
0.125,1.625,0.625,0.148625373840332
0.125,1.75,0.625,0.274698734283447
0.125,1.875,0.625,0.373988389968872
0.125,0,0.75,0.072847843170166
0.125,0.125,0.75,0.100384712219238
0.125,0.25,0.75,0.0913381576538086
0.125,0.375,0.75,0.239405393600464
0.125,0.5,0.75,0.163866281509399
0.125,0.625,0.75,0.244553804397583
0.125,0.75,0.75,0.404020547866821
0.125,0.875,0.75,0.145279169082642
0.125,1,0.75,0.136701107025146
0.125,1.125,0.75,0.261873006820679
0.125,1.25,0.75,0.33536696434021
0.125,1.375,0.75,0.144741773605347
0.125,1.5,0.75,0.266254901885986
0.125,1.625,0.75,0.36635684967041
0.125,1.75,0.75,0.1211097240448
0.125,1.875,0.75,0.11349892616272
0.125,0,0.875,0.0400621891021729
0.125,0.125,0.875,0.0783758163452148
0.125,0.25,0.875,0.381283283233643
0.125,0.375,0.875,0.375669479370117
0.125,0.5,0.875,0.209683418273926
0.125,0.625,0.875,0.131730794906616
0.125,0.75,0.875,0.211595296859741
0.125,0.875,0.875,0.0999131202697754
0.125,1,0.875,0.156141042709351
0.125,1.125,0.875,0.15475869178772
0.125,1.25,0.875,0.0975892543792725
0.125,1.375,0.875,0.248472213745117
0.125,1.5,0.875,0.143463611602783
0.125,1.625,0.875,0.410585641860962
0.125,1.75,0.875,0.344467401504517
0.125,1.875,0.875,0.281678915023804
0.125,0,1,0.0541801452636719
0.125,0.125,1,0.597377061843872
0.125,0.25,1,0.627573013305664
0.125,0.375,1,0.2062828540802
0.125,0.5,1,0.213971614837646
0.125,0.625,1,0.131056308746338
0.125,0.75,1,0.335805177688599
0.125,0.875,1,0.369678020477295
0.125,1,1,0.0956006050109863
0.125,1.125,1,0.164963722229004
0.125,1.25,1,0.112853765487671
0.125,1.375,1,0.237692594528198
0.125,1.5,1,0.48501181602478
0.125,1.625,1,0.388591527938843
0.125,1.75,1,0.22011399269104
0.125,1.875,1,0.221070766448975
0.125,0,1.125,0.504668235778809
0.125,0.125,1.125,0.65636944770813
0.125,0.25,1.125,0.183906555175781
0.125,0.375,1.125,0.39197301864624
0.125,0.5,1.125,0.0888848304748535
0.125,0.625,1.125,0.0596749782562256
0.125,0.75,1.125,0.228856325149536
0.125,0.875,1.125,0.342365741729736
0.125,1,1.125,0.437161922454834
0.125,1.125,1.125,0.149744749069214
0.125,1.25,1.125,0.223655700683594
0.125,1.375,1.125,0.159869909286499
0.125,1.5,1.125,0.344550371170044
0.125,1.625,1.125,0.29149317741394
0.125,1.75,1.125,0.335309743881226
0.125,1.875,1.125,0.334133386611938
0.125,0,1.25,0.559356927871704
0.125,0.125,1.25,0.194724798202515
0.125,0.25,1.25,0.0725460052490234
0.125,0.375,1.25,0.543881177902222
0.125,0.5,1.25,0.450591087341309
0.125,0.625,1.25,0.181714057922363
0.125,0.75,1.25,0.224246978759766
0.125,0.875,1.25,0.103045225143433
0.125,1,1.25,0.417197942733765
0.125,1.125,1.25,0.197341203689575
0.125,1.25,1.25,0.0872311592102051
0.125,1.375,1.25,0.239628314971924
0.125,1.5,1.25,0.276853322982788
0.125,1.625,1.25,0.283283233642578
0.125,1.75,1.25,0.293672323226929
0.125,1.875,1.25,0.323594093322754
0.125,0,1.375,0.309730768203735
0.125,0.125,1.375,0.529717922210693
0.125,0.25,1.375,0.556465625762939
0.125,0.375,1.375,0.537890434265137
0.125,0.5,1.375,0.125353813171387
0.125,0.625,1.375,0.0821688175201416
0.125,0.75,1.375,0.169633865356445
0.125,0.875,1.375,0.090991735458374
0.125,1,1.375,0.182598829269409
0.125,1.125,1.375,0.202067613601685
0.125,1.25,1.375,0.127735137939453
0.125,1.375,1.375,0.326887130737305
0.125,1.5,1.375,0.250130891799927
0.125,1.625,1.375,0.221047639846802
0.125,1.75,1.375,0.178656101226807
0.125,1.875,1.375,0.106167554855347
0.125,0,1.5,0.207154750823975
0.125,0.125,1.5,0.235473155975342
0.125,0.25,1.5,0.247971057891846
0.125,0.375,1.5,0.174054622650146
0.125,0.5,1.5,0.117101907730103
0.125,0.625,1.5,0.223102569580078
0.125,0.75,1.5,0.162580013275146
0.125,0.875,1.5,0.150652647018433
0.125,1,1.5,0.038949728012085
0.125,1.125,1.5,0.139174938201904
0.125,1.25,1.5,0.143633365631104
0.125,1.375,1.5,0.14064621925354
0.125,1.5,1.5,0.297472715377808
0.125,1.625,1.5,0.121639966964722
0.125,1.75,1.5,0.225262880325317
0.125,1.875,1.5,0.074899435043335
0.125,0,1.625,0.288429498672485
0.125,0.125,1.625,0.265596628189087
0.125,0.25,1.625,0.145621061325073
0.125,0.375,1.625,0.221839189529419
0.125,0.5,1.625,0.117465496063232
0.125,0.625,1.625,0.216698884963989
0.125,0.75,1.625,0.203438520431519
0.125,0.875,1.625,0.118090391159058
0.125,1,1.625,0.16330623626709
0.125,1.125,1.625,0.0779528617858887
0.125,1.25,1.625,0.0866632461547852
0.125,1.375,1.625,0.0625531673431396
0.125,1.5,1.625,0.136487722396851
0.125,1.625,1.625,0.189123868942261
0.125,1.75,1.625,0.232932090759277
0.125,1.875,1.625,0.0597898960113525
0.125,0,1.75,0.235678672790527
0.125,0.125,1.75,0.111190319061279
0.125,0.25,1.75,0.130816221237183
0.125,0.375,1.75,0.337403535842896
0.125,0.5,1.75,0.280645608901978
0.125,0.625,1.75,0.0950005054473877
0.125,0.75,1.75,0.0698544979095459
0.125,0.875,1.75,0.123203754425049
0.125,1,1.75,0.213138580322266
0.125,1.125,1.75,0.139780282974243
0.125,1.25,1.75,0.135927200317383
0.125,1.375,1.75,0.0819563865661621
0.125,1.5,1.75,0.119287014007568
0.125,1.625,1.75,0.179640531539917
0.125,1.75,1.75,0.0957376956939697
0.125,1.875,1.75,0.0703356266021729
0.125,0,1.875,0.112279176712036
0.125,0.125,1.875,0.137981414794922
0.125,0.25,1.875,0.153485298156738
0.125,0.375,1.875,0.320030212402344
0.125,0.5,1.875,0.315056562423706
0.125,0.625,1.875,0.429237604141235
0.125,0.75,1.875,0.437906503677368
0.125,0.875,1.875,0.381591796875
0.125,1,1.875,0.444896697998047
0.125,1.125,1.875,0.524152040481567
0.125,1.25,1.875,0.531446218490601
0.125,1.375,1.875,0.103071212768555
0.125,1.5,1.875,0.0908944606781006
0.125,1.625,1.875,0.0823879241943359
0.125,1.75,1.875,0.0416665077209473
0.125,1.875,1.875,0.0627143383026123
0.0625,0,0,0.038334846496582
0.0625,0.0625,0,0.0728211402893066
0.0625,0.125,0,0.0511646270751953
0.0625,0.1875,0,0.0352261066436768
0.0625,0.25,0,0.0839946269989014
0.0625,0.3125,0,0.0780770778656006
0.0625,0.375,0,0.167675495147705
0.0625,0.4375,0,0.0991299152374268
0.0625,0.5,0,0.151070833206177
0.0625,0.5625,0,0.153425455093384
0.0625,0.625,0,0.101858854293823
0.0625,0.6875,0,0.082409143447876
0.0625,0.75,0,0.12487006187439
0.0625,0.8125,0,0.158329010009766
0.0625,0.875,0,0.16575813293457
0.0625,0.9375,0,0.237797498703003
0.0625,1,0,0.161105632781982
0.0625,1.0625,0,0.0284979343414307
0.0625,1.125,0,0.0596632957458496
0.0625,1.1875,0,0.182593822479248
0.0625,1.25,0,0.314632177352905
0.0625,1.3125,0,0.353269100189209
0.0625,1.375,0,0.439047336578369
0.0625,1.4375,0,0.156485557556152
0.0625,1.5,0,0.12776517868042
0.0625,1.5625,0,0.0284061431884766
0.0625,1.625,0,0.0326769351959229
0.0625,1.6875,0,0.087247371673584
0.0625,1.75,0,0.0959222316741943
0.0625,1.8125,0,0.120412588119507
0.0625,1.875,0,0.105310201644897
0.0625,1.9375,0,0.169437170028687
0.0625,0,0.0625,0.0532805919647217
0.0625,0.0625,0.0625,0.0434985160827637
0.0625,0.125,0.0625,0.0481398105621338
0.0625,0.1875,0.0625,0.0446028709411621
0.0625,0.25,0.0625,0.0225393772125244
0.0625,0.3125,0.0625,0.0634572505950928
0.0625,0.375,0.0625,0.0772771835327148
0.0625,0.4375,0.0625,0.0942649841308594
0.0625,0.5,0.0625,0.153606176376343
0.0625,0.5625,0.0625,0.295844554901123
0.0625,0.625,0.0625,0.0771110057830811
0.0625,0.6875,0.0625,0.0306940078735352
0.0625,0.75,0.0625,0.0460860729217529
0.0625,0.8125,0.0625,0.0506649017333984
0.0625,0.875,0.0625,0.0452759265899658
0.0625,0.9375,0.0625,0.0544157028198242
0.0625,1,0.0625,0.14285945892334
0.0625,1.0625,0.0625,0.0929033756256104
0.0625,1.125,0.0625,0.247036695480347
0.0625,1.1875,0.0625,0.285176038742065
0.0625,1.25,0.0625,0.144485235214233
0.0625,1.3125,0.0625,0.0804393291473389
0.0625,1.375,0.0625,0.114062547683716
0.0625,1.4375,0.0625,0.0997395515441895
0.0625,1.5,0.0625,0.107158899307251
0.0625,1.5625,0.0625,0.0876708030700684
0.0625,1.625,0.0625,0.0920166969299316
0.0625,1.6875,0.0625,0.0763540267944336
0.0625,1.75,0.0625,0.086097240447998
0.0625,1.8125,0.0625,0.0989315509796143
0.0625,1.875,0.0625,0.115731477737427
0.0625,1.9375,0.0625,0.0704548358917236
0.0625,0,0.125,0.0772914886474609
0.0625,0.0625,0.125,0.0354297161102295
0.0625,0.125,0.125,0.0630147457122803
0.0625,0.1875,0.125,0.0347707271575928
0.0625,0.25,0.125,0.019310474395752
0.0625,0.3125,0.125,0.0273439884185791
0.0625,0.375,0.125,0.0561597347259521
0.0625,0.4375,0.125,0.0620937347412109
0.0625,0.5,0.125,0.0385501384735107
0.0625,0.5625,0.125,0.263226747512817
0.0625,0.625,0.125,0.312582492828369
0.0625,0.6875,0.125,0.268310308456421
0.0625,0.75,0.125,0.117690086364746
0.0625,0.8125,0.125,0.0741963386535645
0.0625,0.875,0.125,0.0167813301086426
0.0625,0.9375,0.125,0.100139856338501
0.0625,1,0.125,0.265270709991455
0.0625,1.0625,0.125,0.275728940963745
0.0625,1.125,0.125,0.251688957214355
0.0625,1.1875,0.125,0.217819452285767
0.0625,1.25,0.125,0.24479079246521
0.0625,1.3125,0.125,0.258185386657715
0.0625,1.375,0.125,0.180711030960083
0.0625,1.4375,0.125,0.0804455280303955
0.0625,1.5,0.125,0.136847019195557
0.0625,1.5625,0.125,0.108467817306519
0.0625,1.625,0.125,0.0794281959533691
0.0625,1.6875,0.125,0.102208614349365
0.0625,1.75,0.125,0.165532827377319
0.0625,1.8125,0.125,0.0887980461120605
0.0625,1.875,0.125,0.0549323558807373
0.0625,1.9375,0.125,0.0374906063079834
0.0625,0,0.1875,0.0347027778625488
0.0625,0.0625,0.1875,0.032811164855957
0.0625,0.125,0.1875,0.0420467853546143
0.0625,0.1875,0.1875,0.0495073795318604
0.0625,0.25,0.1875,0.0867319107055664
0.0625,0.3125,0.1875,0.0876502990722656
0.0625,0.375,0.1875,0.0856025218963623
0.0625,0.4375,0.1875,0.0596818923950195
0.0625,0.5,0.1875,0.0731055736541748
0.0625,0.5625,0.1875,0.0984122753143311
0.0625,0.625,0.1875,0.110487937927246
0.0625,0.6875,0.1875,0.103408813476562
0.0625,0.75,0.1875,0.116328477859497
0.0625,0.8125,0.1875,0.206384897232056
0.0625,0.875,0.1875,0.190176248550415
0.0625,0.9375,0.1875,0.188766002655029
0.0625,1,0.1875,0.351747751235962
0.0625,1.0625,0.1875,0.121223926544189
0.0625,1.125,0.1875,0.140790939331055
0.0625,1.1875,0.1875,0.0604550838470459
0.0625,1.25,0.1875,0.0236284732818604
0.0625,1.3125,0.1875,0.0825247764587402
0.0625,1.375,0.1875,0.16448450088501
0.0625,1.4375,0.1875,0.136390209197998
0.0625,1.5,0.1875,0.107053279876709
0.0625,1.5625,0.1875,0.113565683364868
0.0625,1.625,0.1875,0.119874477386475
0.0625,1.6875,0.1875,0.178102970123291
0.0625,1.75,0.1875,0.261959552764893
0.0625,1.8125,0.1875,0.119621992111206
0.0625,1.875,0.1875,0.106935024261475
0.0625,1.9375,0.1875,0.0475912094116211
0.0625,0,0.25,0.0476152896881104
0.0625,0.0625,0.25,0.0711851119995117
0.0625,0.125,0.25,0.0748653411865234
0.0625,0.1875,0.25,0.0470318794250488
0.0625,0.25,0.25,0.0800037384033203
0.0625,0.3125,0.25,0.127214908599854
0.0625,0.375,0.25,0.0583605766296387
0.0625,0.4375,0.25,0.103662252426147
0.0625,0.5,0.25,0.0816268920898438
0.0625,0.5625,0.25,0.0525963306427002
0.0625,0.625,0.25,0.123191118240356
0.0625,0.6875,0.25,0.129426240921021
0.0625,0.75,0.25,0.0889194011688232
0.0625,0.8125,0.25,0.0902154445648193
0.0625,0.875,0.25,0.115602493286133
0.0625,0.9375,0.25,0.287845134735107
0.0625,1,0.25,0.374288082122803
0.0625,1.0625,0.25,0.0473430156707764
0.0625,1.125,0.25,0.024101734161377
0.0625,1.1875,0.25,0.012462854385376
0.0625,1.25,0.25,0.0538308620452881
0.0625,1.3125,0.25,0.0711545944213867
0.0625,1.375,0.25,0.050976037979126
0.0625,1.4375,0.25,0.0976047515869141
0.0625,1.5,0.25,0.152819395065308
0.0625,1.5625,0.25,0.0765688419342041
0.0625,1.625,0.25,0.0814471244812012
0.0625,1.6875,0.25,0.454412221908569
0.0625,1.75,0.25,0.249673843383789
0.0625,1.8125,0.25,0.125483989715576
0.0625,1.875,0.25,0.12317419052124
0.0625,1.9375,0.25,0.0419070720672607
0.0625,0,0.3125,0.0362050533294678
0.0625,0.0625,0.3125,0.026411771774292
0.0625,0.125,0.3125,0.074345588684082
0.0625,0.1875,0.3125,0.0522246360778809
0.0625,0.25,0.3125,0.0590291023254395
0.0625,0.3125,0.3125,0.218969345092773
0.0625,0.375,0.3125,0.066417932510376
0.0625,0.4375,0.3125,0.0685081481933594
0.0625,0.5,0.3125,0.0705595016479492
0.0625,0.5625,0.3125,0.160955190658569
0.0625,0.625,0.3125,0.0840671062469482
0.0625,0.6875,0.3125,0.0937185287475586
0.0625,0.75,0.3125,0.0705854892730713
0.0625,0.8125,0.3125,0.0417757034301758
0.0625,0.875,0.3125,0.227552175521851
0.0625,0.9375,0.3125,0.274595499038696
0.0625,1,0.3125,0.280014038085938
0.0625,1.0625,0.3125,0.136205911636353
0.0625,1.125,0.3125,0.0376529693603516
0.0625,1.1875,0.3125,0.0124623775482178
0.0625,1.25,0.3125,0.0619616508483887
0.0625,1.3125,0.3125,0.0661535263061523
0.0625,1.375,0.3125,0.070009708404541
0.0625,1.4375,0.3125,0.0400311946868896
0.0625,1.5,0.3125,0.0181186199188232
0.0625,1.5625,0.3125,0.0500190258026123
0.0625,1.625,0.3125,0.568740367889404
0.0625,1.6875,0.3125,0.493922472000122
0.0625,1.75,0.3125,0.800502777099609
0.0625,1.8125,0.3125,0.732949018478394
0.0625,1.875,0.3125,0.585110902786255
0.0625,1.9375,0.3125,0.0854358673095703
0.0625,0,0.375,0.0646703243255615
0.0625,0.0625,0.375,0.0419719219207764
0.0625,0.125,0.375,0.071934700012207
0.0625,0.1875,0.375,0.0620489120483398
0.0625,0.25,0.375,0.0621347427368164
0.0625,0.3125,0.375,0.128466367721558
0.0625,0.375,0.375,0.100577116012573
0.0625,0.4375,0.375,0.157512903213501
0.0625,0.5,0.375,0.181463956832886
0.0625,0.5625,0.375,0.175999879837036
0.0625,0.625,0.375,0.0685017108917236
0.0625,0.6875,0.375,0.116214990615845
0.0625,0.75,0.375,0.216003179550171
0.0625,0.8125,0.375,0.22617244720459
0.0625,0.875,0.375,0.215110778808594
0.0625,0.9375,0.375,0.0616121292114258
0.0625,1,0.375,0.200614452362061
0.0625,1.0625,0.375,0.28988790512085
0.0625,1.125,0.375,0.192183494567871
0.0625,1.1875,0.375,0.19705057144165
0.0625,1.25,0.375,0.0799808502197266
0.0625,1.3125,0.375,0.0309090614318848
0.0625,1.375,0.375,0.0565400123596191
0.0625,1.4375,0.375,0.0417370796203613
0.0625,1.5,0.375,0.147096633911133
0.0625,1.5625,0.375,0.297260761260986
0.0625,1.625,0.375,0.572869777679443
0.0625,1.6875,0.375,0.763077259063721
0.0625,1.75,0.375,0.796805143356323
0.0625,1.8125,0.375,0.0622694492340088
0.0625,1.875,0.375,0.679767847061157
0.0625,1.9375,0.375,0.626332759857178
0.0625,0,0.4375,0.0479722023010254
0.0625,0.0625,0.4375,0.0399467945098877
0.0625,0.125,0.4375,0.0387704372406006
0.0625,0.1875,0.4375,0.0257041454315186
0.0625,0.25,0.4375,0.0381829738616943
0.0625,0.3125,0.4375,0.047128438949585
0.0625,0.375,0.4375,0.133729696273804
0.0625,0.4375,0.4375,0.0552995204925537
0.0625,0.5,0.4375,0.0497052669525146
0.0625,0.5625,0.4375,0.083242654800415
0.0625,0.625,0.4375,0.0945594310760498
0.0625,0.6875,0.4375,0.0898714065551758
0.0625,0.75,0.4375,0.0800380706787109
0.0625,0.8125,0.4375,0.081723690032959
0.0625,0.875,0.4375,0.0632407665252686
0.0625,0.9375,0.4375,0.0670602321624756
0.0625,1,0.4375,0.0448434352874756
0.0625,1.0625,0.4375,0.117289066314697
0.0625,1.125,0.4375,0.0970652103424072
0.0625,1.1875,0.4375,0.111869812011719
0.0625,1.25,0.4375,0.0907604694366455
0.0625,1.3125,0.4375,0.091172456741333
0.0625,1.375,0.4375,0.214233160018921
0.0625,1.4375,0.4375,0.241789579391479
0.0625,1.5,0.4375,0.290235996246338
0.0625,1.5625,0.4375,0.246239423751831
0.0625,1.625,0.4375,0.669635057449341
0.0625,1.6875,0.4375,0.772588491439819
0.0625,1.75,0.4375,0.0948619842529297
0.0625,1.8125,0.4375,0.16163158416748
0.0625,1.875,0.4375,0.147125720977783
0.0625,1.9375,0.4375,0.257400512695312
0.0625,0,0.5,0.0505220890045166
0.0625,0.0625,0.5,0.0465102195739746
0.0625,0.125,0.5,0.0596487522125244
0.0625,0.1875,0.5,0.0550246238708496
0.0625,0.25,0.5,0.0280501842498779
0.0625,0.3125,0.5,0.0270419120788574
0.0625,0.375,0.5,0.148604869842529
0.0625,0.4375,0.5,0.0451982021331787
0.0625,0.5,0.5,0.0630943775177002
0.0625,0.5625,0.5,0.0915942192077637
0.0625,0.625,0.5,0.0578420162200928
0.0625,0.6875,0.5,0.0699620246887207
0.0625,0.75,0.5,0.0858051776885986
0.0625,0.8125,0.5,0.035332202911377
0.0625,0.875,0.5,0.112059116363525
0.0625,0.9375,0.5,0.200243234634399
0.0625,1,0.5,0.137691974639893
0.0625,1.0625,0.5,0.0838198661804199
0.0625,1.125,0.5,0.0739212036132812
0.0625,1.1875,0.5,0.0696268081665039
0.0625,1.25,0.5,0.119800806045532
0.0625,1.3125,0.5,0.18395471572876
0.0625,1.375,0.5,0.14681077003479
0.0625,1.4375,0.5,0.0705215930938721
0.0625,1.5,0.5,0.323655366897583
0.0625,1.5625,0.5,0.42113184928894
0.0625,1.625,0.5,0.446772336959839
0.0625,1.6875,0.5,0.131398677825928
0.0625,1.75,0.5,0.133790254592896
0.0625,1.8125,0.5,0.115297317504883
0.0625,1.875,0.5,0.0412755012512207
0.0625,1.9375,0.5,0.0961086750030518
0.0625,0,0.5625,0.0288307666778564
0.0625,0.0625,0.5625,0.0318994522094727
0.0625,0.125,0.5625,0.0324690341949463
0.0625,0.1875,0.5625,0.0954458713531494
0.0625,0.25,0.5625,0.0250482559204102
0.0625,0.3125,0.5625,0.015582799911499
0.0625,0.375,0.5625,0.102227449417114
0.0625,0.4375,0.5625,0.132677316665649
0.0625,0.5,0.5625,0.0803616046905518
0.0625,0.5625,0.5625,0.141761064529419
0.0625,0.625,0.5625,0.169857025146484
0.0625,0.6875,0.5625,0.0572001934051514
0.0625,0.75,0.5625,0.127572059631348
0.0625,0.8125,0.5625,0.210282325744629
0.0625,0.875,0.5625,0.0884130001068115
0.0625,0.9375,0.5625,0.0806632041931152
0.0625,1,0.5625,0.205463886260986
0.0625,1.0625,0.5625,0.178754806518555
0.0625,1.125,0.5625,0.126435041427612
0.0625,1.1875,0.5625,0.0475459098815918
0.0625,1.25,0.5625,0.0519580841064453
0.0625,1.3125,0.5625,0.0666012763977051
0.0625,1.375,0.5625,0.375403165817261
0.0625,1.4375,0.5625,0.386129140853882
0.0625,1.5,0.5625,0.371673345565796
0.0625,1.5625,0.5625,0.245258331298828
0.0625,1.625,0.5625,0.0697257518768311
0.0625,1.6875,0.5625,0.14571213722229
0.0625,1.75,0.5625,0.0712227821350098
0.0625,1.8125,0.5625,0.0597748756408691
0.0625,1.875,0.5625,0.0643503665924072
0.0625,1.9375,0.5625,0.0534286499023438
0.0625,0,0.625,0.0359992980957031
0.0625,0.0625,0.625,0.016815185546875
0.0625,0.125,0.625,0.0601587295532227
0.0625,0.1875,0.625,0.0635364055633545
0.0625,0.25,0.625,0.0379338264465332
0.0625,0.3125,0.625,0.0701613426208496
0.0625,0.375,0.625,0.132108211517334
0.0625,0.4375,0.625,0.139987230300903
0.0625,0.5,0.625,0.0724034309387207
0.0625,0.5625,0.625,0.0823493003845215
0.0625,0.625,0.625,0.100668668746948
0.0625,0.6875,0.625,0.075944185256958
0.0625,0.75,0.625,0.286788463592529
0.0625,0.8125,0.625,0.0767631530761719
0.0625,0.875,0.625,0.0632002353668213
0.0625,0.9375,0.625,0.0473711490631104
0.0625,1,0.625,0.0244832038879395
0.0625,1.0625,0.625,0.0184884071350098
0.0625,1.125,0.625,0.129311561584473
0.0625,1.1875,0.625,0.0931839942932129
0.0625,1.25,0.625,0.0539112091064453
0.0625,1.3125,0.625,0.238045454025269
0.0625,1.375,0.625,0.391572713851929
0.0625,1.4375,0.625,0.0307331085205078
0.0625,1.5,0.625,0.0971076488494873
0.0625,1.5625,0.625,0.123810529708862
0.0625,1.625,0.625,0.113190889358521
0.0625,1.6875,0.625,0.135364055633545
0.0625,1.75,0.625,0.15344500541687
0.0625,1.8125,0.625,0.202864408493042
0.0625,1.875,0.625,0.065596342086792
0.0625,1.9375,0.625,0.10811972618103
0.0625,0,0.6875,0.0712482929229736
0.0625,0.0625,0.6875,0.0851919651031494
0.0625,0.125,0.6875,0.0735926628112793
0.0625,0.1875,0.6875,0.027336597442627
0.0625,0.25,0.6875,0.0174708366394043
0.0625,0.3125,0.6875,0.0778167247772217
0.0625,0.375,0.6875,0.128685712814331
0.0625,0.4375,0.6875,0.191754341125488
0.0625,0.5,0.6875,0.0776681900024414
0.0625,0.5625,0.6875,0.028942346572876
0.0625,0.625,0.6875,0.0942180156707764
0.0625,0.6875,0.6875,0.077214241027832
0.0625,0.75,0.6875,0.338941335678101
0.0625,0.8125,0.6875,0.0663590431213379
0.0625,0.875,0.6875,0.0624275207519531
0.0625,0.9375,0.6875,0.0253713130950928
0.0625,1,0.6875,0.0326459407806396
0.0625,1.0625,0.6875,0.0537872314453125
0.0625,1.125,0.6875,0.13408088684082
0.0625,1.1875,0.6875,0.110903978347778
0.0625,1.25,0.6875,0.0451560020446777
0.0625,1.3125,0.6875,0.290422439575195
0.0625,1.375,0.6875,0.362253904342651
0.0625,1.4375,0.6875,0.0576210021972656
0.0625,1.5,0.6875,0.123051166534424
0.0625,1.5625,0.6875,0.126895189285278
0.0625,1.625,0.6875,0.0488615036010742
0.0625,1.6875,0.6875,0.0871410369873047
0.0625,1.75,0.6875,0.0725197792053223
0.0625,1.8125,0.6875,0.243162870407104
0.0625,1.875,0.6875,0.320691347122192
0.0625,1.9375,0.6875,0.314772129058838
0.0625,0,0.75,0.0666265487670898
0.0625,0.0625,0.75,0.0395078659057617
0.0625,0.125,0.75,0.0849676132202148
0.0625,0.1875,0.75,0.0606925487518311
0.0625,0.25,0.75,0.0400130748748779
0.0625,0.3125,0.75,0.0838305950164795
0.0625,0.375,0.75,0.0680100917816162
0.0625,0.4375,0.75,0.192045927047729
0.0625,0.5,0.75,0.0742306709289551
0.0625,0.5625,0.75,0.0502727031707764
0.0625,0.625,0.75,0.143959045410156
0.0625,0.6875,0.75,0.0980401039123535
0.0625,0.75,0.75,0.314261198043823
0.0625,0.8125,0.75,0.0868129730224609
0.0625,0.875,0.75,0.0892107486724854
0.0625,0.9375,0.75,0.105677604675293
0.0625,1,0.75,0.103576183319092
0.0625,1.0625,0.75,0.0409891605377197
0.0625,1.125,0.75,0.100945472717285
0.0625,1.1875,0.75,0.0926790237426758
0.0625,1.25,0.75,0.0864546298980713
0.0625,1.3125,0.75,0.315566778182983
0.0625,1.375,0.75,0.073624849319458
0.0625,1.4375,0.75,0.0483505725860596
0.0625,1.5,0.75,0.15300989151001
0.0625,1.5625,0.75,0.0531270503997803
0.0625,1.625,0.75,0.0638625621795654
0.0625,1.6875,0.75,0.123317956924438
0.0625,1.75,0.75,0.0713937282562256
0.0625,1.8125,0.75,0.041149377822876
0.0625,1.875,0.75,0.0814094543457031
0.0625,1.9375,0.75,0.104295969009399
0.0625,0,0.8125,0.046562671661377
0.0625,0.0625,0.8125,0.048724889755249
0.0625,0.125,0.8125,0.0738463401794434
0.0625,0.1875,0.8125,0.0283799171447754
0.0625,0.25,0.8125,0.0373611450195312
0.0625,0.3125,0.8125,0.0515787601470947
0.0625,0.375,0.8125,0.108982563018799
0.0625,0.4375,0.8125,0.145513772964478
0.0625,0.5,0.8125,0.113447189331055
0.0625,0.5625,0.8125,0.0629868507385254
0.0625,0.625,0.8125,0.0901591777801514
0.0625,0.6875,0.8125,0.233869075775146
0.0625,0.75,0.8125,0.288314819335938
0.0625,0.8125,0.8125,0.142860651016235
0.0625,0.875,0.8125,0.0885384082794189
0.0625,0.9375,0.8125,0.0693366527557373
0.0625,1,0.8125,0.0848813056945801
0.0625,1.0625,0.8125,0.129785299301147
0.0625,1.125,0.8125,0.161775350570679
0.0625,1.1875,0.8125,0.130561113357544
0.0625,1.25,0.8125,0.210736989974976
0.0625,1.3125,0.8125,0.274171829223633
0.0625,1.375,0.8125,0.100383996963501
0.0625,1.4375,0.8125,0.0610809326171875
0.0625,1.5,0.8125,0.144795179367065
0.0625,1.5625,0.8125,0.225196123123169
0.0625,1.625,0.8125,0.312576055526733
0.0625,1.6875,0.8125,0.245239496231079
0.0625,1.75,0.8125,0.0981605052947998
0.0625,1.8125,0.8125,0.0747723579406738
0.0625,1.875,0.8125,0.0730066299438477
0.0625,1.9375,0.8125,0.113245725631714
0.0625,0,0.875,0.0344927310943604
0.0625,0.0625,0.875,0.0324630737304688
0.0625,0.125,0.875,0.0404129028320312
0.0625,0.1875,0.875,0.0464653968811035
0.0625,0.25,0.875,0.0540339946746826
0.0625,0.3125,0.875,0.0414938926696777
0.0625,0.375,0.875,0.174053907394409
0.0625,0.4375,0.875,0.103173494338989
0.0625,0.5,0.875,0.109119653701782
0.0625,0.5625,0.875,0.0615146160125732
0.0625,0.625,0.875,0.0694084167480469
0.0625,0.6875,0.875,0.0474824905395508
0.0625,0.75,0.875,0.0926985740661621
0.0625,0.8125,0.875,0.121826648712158
0.0625,0.875,0.875,0.0699560642242432
0.0625,0.9375,0.875,0.08868408203125
0.0625,1,0.875,0.0919315814971924
0.0625,1.0625,0.875,0.0293881893157959
0.0625,1.125,0.875,0.146337509155273
0.0625,1.1875,0.875,0.0307772159576416
0.0625,1.25,0.875,0.0311994552612305
0.0625,1.3125,0.875,0.0912151336669922
0.0625,1.375,0.875,0.112155914306641
0.0625,1.4375,0.875,0.0773229598999023
0.0625,1.5,0.875,0.0703518390655518
0.0625,1.5625,0.875,0.140514612197876
0.0625,1.625,0.875,0.272047281265259
0.0625,1.6875,0.875,0.296919822692871
0.0625,1.75,0.875,0.290158987045288
0.0625,1.8125,0.875,0.219650983810425
0.0625,1.875,0.875,0.211568832397461
0.0625,1.9375,0.875,0.183142185211182
0.0625,0,0.9375,0.0354290008544922
0.0625,0.0625,0.9375,0.0201592445373535
0.0625,0.125,0.9375,0.0448777675628662
0.0625,0.1875,0.9375,0.033611536026001
0.0625,0.25,0.9375,0.139394760131836
0.0625,0.3125,0.9375,0.366670608520508
0.0625,0.375,0.9375,0.342226266860962
0.0625,0.4375,0.9375,0.196236371994019
0.0625,0.5,0.9375,0.176905393600464
0.0625,0.5625,0.9375,0.109405755996704
0.0625,0.625,0.9375,0.0979118347167969
0.0625,0.6875,0.9375,0.0365674495697021
0.0625,0.75,0.9375,0.0673427581787109
0.0625,0.8125,0.9375,0.114542484283447
0.0625,0.875,0.9375,0.0588006973266602
0.0625,0.9375,0.9375,0.02646803855896
0.0625,1,0.9375,0.0897343158721924
0.0625,1.0625,0.9375,0.133224010467529
0.0625,1.125,0.9375,0.129372596740723
0.0625,1.1875,0.9375,0.0289487838745117
0.0625,1.25,0.9375,0.0529253482818604
0.0625,1.3125,0.9375,0.0607926845550537
0.0625,1.375,0.9375,0.165561437606812
0.0625,1.4375,0.9375,0.212283134460449
0.0625,1.5,0.9375,0.0225958824157715
0.0625,1.5625,0.9375,0.117713689804077
0.0625,1.625,0.9375,0.393081188201904
0.0625,1.6875,0.9375,0.11174201965332
0.0625,1.75,0.9375,0.121783494949341
0.0625,1.8125,0.9375,0.110253810882568
0.0625,1.875,0.9375,0.139110326766968
0.0625,1.9375,0.9375,0.0648596286773682
0.0625,0,1,0.0219473838806152
0.0625,0.0625,1,0.0260992050170898
0.0625,0.125,1,0.0588736534118652
0.0625,0.1875,1,0.0631728172302246
0.0625,0.25,1,0.525100469589233
0.0625,0.3125,1,0.224673748016357
0.0625,0.375,1,0.0370521545410156
0.0625,0.4375,1,0.0608289241790771
0.0625,0.5,1,0.213971614837646
0.0625,0.5625,1,0.210470199584961
0.0625,0.625,1,0.115057706832886
0.0625,0.6875,1,0.0638728141784668
0.0625,0.75,1,0.220517158508301
0.0625,0.8125,1,0.327849388122559
0.0625,0.875,1,0.331581830978394
0.0625,0.9375,1,0.017127513885498
0.0625,1,1,0.0330629348754883
0.0625,1.0625,1,0.0341923236846924
0.0625,1.125,1,0.0232925415039062
0.0625,1.1875,1,0.058678150177002
0.0625,1.25,1,0.0553944110870361
0.0625,1.3125,1,0.0206699371337891
0.0625,1.375,1,0.0419461727142334
0.0625,1.4375,1,0.237692594528198
0.0625,1.5,1,0.210527896881104
0.0625,1.5625,1,0.263996601104736
0.0625,1.625,1,0.388591527938843
0.0625,1.6875,1,0.113856315612793
0.0625,1.75,1,0.128727197647095
0.0625,1.8125,1,0.0616145133972168
0.0625,1.875,1,0.186900854110718
0.0625,1.9375,1,0.0741536617279053
0.0625,0,1.0625,0.0337710380554199
0.0625,0.0625,1.0625,0.0320041179656982
0.0625,0.125,1.0625,0.451137065887451
0.0625,0.1875,1.0625,0.559299945831299
0.0625,0.25,1.0625,0.603407859802246
0.0625,0.3125,1.0625,0.267690896987915
0.0625,0.375,1.0625,0.196207284927368
0.0625,0.4375,1.0625,0.024702787399292
0.0625,0.5,1.0625,0.0236620903015137
0.0625,0.5625,1.0625,0.0334339141845703
0.0625,0.625,1.0625,0.0390830039978027
0.0625,0.6875,1.0625,0.0599758625030518
0.0625,0.75,1.0625,0.127181529998779
0.0625,0.8125,1.0625,0.0608792304992676
0.0625,0.875,1.0625,0.359127998352051
0.0625,0.9375,1.0625,0.350028276443481
0.0625,1,1.0625,0.0328025817871094
0.0625,1.0625,1.0625,0.0648717880249023
0.0625,1.125,1.0625,0.0861763954162598
0.0625,1.1875,1.0625,0.164963722229004
0.0625,1.25,1.0625,0.112853765487671
0.0625,1.3125,1.0625,0.0589487552642822
0.0625,1.375,1.0625,0.0847847461700439
0.0625,1.4375,1.0625,0.0792829990386963
0.0625,1.5,1.0625,0.188898801803589
0.0625,1.5625,1.0625,0.453803777694702
0.0625,1.625,1.0625,0.221114635467529
0.0625,1.6875,1.0625,0.140323638916016
0.0625,1.75,1.0625,0.142524719238281
0.0625,1.8125,1.0625,0.0794887542724609
0.0625,1.875,1.0625,0.151283502578735
0.0625,1.9375,1.0625,0.0973656177520752
0.0625,0,1.125,0.0269737243652344
0.0625,0.0625,1.125,0.496854305267334
0.0625,0.125,1.125,0.585262298583984
0.0625,0.1875,1.125,0.163402557373047
0.0625,0.25,1.125,0.131562948226929
0.0625,0.3125,1.125,0.17586350440979
0.0625,0.375,1.125,0.313455820083618
0.0625,0.4375,1.125,0.0678224563598633
0.0625,0.5,1.125,0.0263710021972656
0.0625,0.5625,1.125,0.0669927597045898
0.0625,0.625,1.125,0.0457453727722168
0.0625,0.6875,1.125,0.0300958156585693
0.0625,0.75,1.125,0.169194936752319
0.0625,0.8125,1.125,0.0583405494689941
0.0625,0.875,1.125,0.0464272499084473
0.0625,0.9375,1.125,0.336578607559204
0.0625,1,1.125,0.380746603012085
0.0625,1.0625,1.125,0.0727496147155762
0.0625,1.125,1.125,0.0387771129608154
0.0625,1.1875,1.125,0.127403974533081
0.0625,1.25,1.125,0.209831237792969
0.0625,1.3125,1.125,0.091508150100708
0.0625,1.375,1.125,0.156929731369019
0.0625,1.4375,1.125,0.123730659484863
0.0625,1.5,1.125,0.278234243392944
0.0625,1.5625,1.125,0.210782051086426
0.0625,1.625,1.125,0.212589025497437
0.0625,1.6875,1.125,0.184264898300171
0.0625,1.75,1.125,0.082578182220459
0.0625,1.8125,1.125,0.264868021011353
0.0625,1.875,1.125,0.213970184326172
0.0625,1.9375,1.125,0.224629402160645
0.0625,0,1.1875,0.0371558666229248
0.0625,0.0625,1.1875,0.491474390029907
0.0625,0.125,1.1875,0.583755493164062
0.0625,0.1875,1.1875,0.0683879852294922
0.0625,0.25,1.1875,0.0405628681182861
0.0625,0.3125,1.1875,0.0392682552337646
0.0625,0.375,1.1875,0.159726142883301
0.0625,0.4375,1.1875,0.386145353317261
0.0625,0.5,1.1875,0.0697059631347656
0.0625,0.5625,1.1875,0.0598623752593994
0.0625,0.625,1.1875,0.0441229343414307
0.0625,0.6875,1.1875,0.0162341594696045
0.0625,0.75,1.1875,0.213287591934204
0.0625,0.8125,1.1875,0.183993101119995
0.0625,0.875,1.1875,0.0315136909484863
0.0625,0.9375,1.1875,0.0320429801940918
0.0625,1,1.1875,0.382300853729248
0.0625,1.0625,1.1875,0.0757553577423096
0.0625,1.125,1.1875,0.0477285385131836
0.0625,1.1875,1.1875,0.0857751369476318
0.0625,1.25,1.1875,0.184876441955566
0.0625,1.3125,1.1875,0.179830074310303
0.0625,1.375,1.1875,0.135174989700317
0.0625,1.4375,1.1875,0.0590415000915527
0.0625,1.5,1.1875,0.336169958114624
0.0625,1.5625,1.1875,0.188614845275879
0.0625,1.625,1.1875,0.123406648635864
0.0625,1.6875,1.1875,0.0832662582397461
0.0625,1.75,1.1875,0.241751670837402
0.0625,1.8125,1.1875,0.24590015411377
0.0625,1.875,1.1875,0.164388656616211
0.0625,1.9375,1.1875,0.313675880432129
0.0625,0,1.25,0.174983263015747
0.0625,0.0625,1.25,0.546155691146851
0.0625,0.125,1.25,0.152877807617188
0.0625,0.1875,1.25,0.057072639465332
0.0625,0.25,1.25,0.0590832233428955
0.0625,0.3125,1.25,0.0500736236572266
0.0625,0.375,1.25,0.0325009822845459
0.0625,0.4375,1.25,0.41034460067749
0.0625,0.5,1.25,0.328633785247803
0.0625,0.5625,1.25,0.109626770019531
0.0625,0.625,1.25,0.0736172199249268
0.0625,0.6875,1.25,0.0382816791534424
0.0625,0.75,1.25,0.202133178710938
0.0625,0.8125,1.25,0.042217493057251
0.0625,0.875,1.25,0.0542166233062744
0.0625,0.9375,1.25,0.0638430118560791
0.0625,1,1.25,0.350649833679199
0.0625,1.0625,1.25,0.37302303314209
0.0625,1.125,1.25,0.134179592132568
0.0625,1.1875,1.25,0.104904890060425
0.0625,1.25,1.25,0.0443251132965088
0.0625,1.3125,1.25,0.0742471218109131
0.0625,1.375,1.25,0.105223655700684
0.0625,1.4375,1.25,0.223024129867554
0.0625,1.5,1.25,0.264569759368896
0.0625,1.5625,1.25,0.231201410293579
0.0625,1.625,1.25,0.179253816604614
0.0625,1.6875,1.25,0.0583093166351318
0.0625,1.75,1.25,0.249377250671387
0.0625,1.8125,1.25,0.224768400192261
0.0625,1.875,1.25,0.268018245697021
0.0625,1.9375,1.25,0.321289300918579
0.0625,0,1.3125,0.206992387771606
0.0625,0.0625,1.3125,0.37544846534729
0.0625,0.125,1.3125,0.131365299224854
0.0625,0.1875,1.3125,0.0476095676422119
0.0625,0.25,1.3125,0.0556564331054688
0.0625,0.3125,1.3125,0.048975944519043
0.0625,0.375,1.3125,0.0698366165161133
0.0625,0.4375,1.3125,0.528342723846436
0.0625,0.5,1.3125,0.450591087341309
0.0625,0.5625,1.3125,0.0797111988067627
0.0625,0.625,1.3125,0.146245002746582
0.0625,0.6875,1.3125,0.139692068099976
0.0625,0.75,1.3125,0.140965700149536
0.0625,0.8125,1.3125,0.0466432571411133
0.0625,0.875,1.3125,0.067737340927124
0.0625,0.9375,1.3125,0.0453183650970459
0.0625,1,1.3125,0.071190357208252
0.0625,1.0625,1.3125,0.227277994155884
0.0625,1.125,1.3125,0.0965754985809326
0.0625,1.1875,1.3125,0.0401921272277832
0.0625,1.25,1.3125,0.0643610954284668
0.0625,1.3125,1.3125,0.0530478954315186
0.0625,1.375,1.3125,0.125112771987915
0.0625,1.4375,1.3125,0.235703229904175
0.0625,1.5,1.3125,0.154388189315796
0.0625,1.5625,1.3125,0.163779258728027
0.0625,1.625,1.3125,0.0802791118621826
0.0625,1.6875,1.3125,0.136313438415527
0.0625,1.75,1.3125,0.0922365188598633
0.0625,1.8125,1.3125,0.0828580856323242
0.0625,1.875,1.3125,0.0865676403045654
0.0625,1.9375,1.3125,0.0454249382019043
0.0625,0,1.375,0.0323822498321533
0.0625,0.0625,1.375,0.285523653030396
0.0625,0.125,1.375,0.38770318031311
0.0625,0.1875,1.375,0.15824818611145
0.0625,0.25,1.375,0.123062133789062
0.0625,0.3125,1.375,0.423353433609009
0.0625,0.375,1.375,0.505918264389038
0.0625,0.4375,1.375,0.500718832015991
0.0625,0.5,1.375,0.0545945167541504
0.0625,0.5625,1.375,0.11014461517334
0.0625,0.625,1.375,0.0739820003509521
0.0625,0.6875,1.375,0.0292603969573975
0.0625,0.75,1.375,0.0272443294525146
0.0625,0.8125,1.375,0.0280411243438721
0.0625,0.875,1.375,0.0698034763336182
0.0625,0.9375,1.375,0.0648105144500732
0.0625,1,1.375,0.0544922351837158
0.0625,1.0625,1.375,0.155207633972168
0.0625,1.125,1.375,0.153196096420288
0.0625,1.1875,1.375,0.0368907451629639
0.0625,1.25,1.375,0.0395791530609131
0.0625,1.3125,1.375,0.0948312282562256
0.0625,1.375,1.375,0.143117904663086
0.0625,1.4375,1.375,0.306911706924438
0.0625,1.5,1.375,0.223396778106689
0.0625,1.5625,1.375,0.113834619522095
0.0625,1.625,1.375,0.071514368057251
0.0625,1.6875,1.375,0.183098077774048
0.0625,1.75,1.375,0.103983402252197
0.0625,1.8125,1.375,0.022230863571167
0.0625,1.875,1.375,0.0671160221099854
0.0625,1.9375,1.375,0.0288524627685547
0.0625,0,1.4375,0.0268263816833496
0.0625,0.0625,1.4375,0.0291109085083008
0.0625,0.125,1.4375,0.286656618118286
0.0625,0.1875,1.4375,0.470689058303833
0.0625,0.25,1.4375,0.507901668548584
0.0625,0.3125,1.4375,0.43219780921936
0.0625,0.375,1.4375,0.47045111656189
0.0625,0.4375,1.4375,0.0602712631225586
0.0625,0.5,1.4375,0.0700767040252686
0.0625,0.5625,1.4375,0.0827393531799316
0.0625,0.625,1.4375,0.0303993225097656
0.0625,0.6875,1.4375,0.0253281593322754
0.0625,0.75,1.4375,0.149693250656128
0.0625,0.8125,1.4375,0.0428507328033447
0.0625,0.875,1.4375,0.0789721012115479
0.0625,0.9375,1.4375,0.0752685070037842
0.0625,1,1.4375,0.0279238224029541
0.0625,1.0625,1.4375,0.0484240055084229
0.0625,1.125,1.4375,0.185031175613403
0.0625,1.1875,1.4375,0.0924131870269775
0.0625,1.25,1.4375,0.091388463973999
0.0625,1.3125,1.4375,0.097123384475708
0.0625,1.375,1.4375,0.122762203216553
0.0625,1.4375,1.4375,0.0656654834747314
0.0625,1.5,1.4375,0.246526002883911
0.0625,1.5625,1.4375,0.0778255462646484
0.0625,1.625,1.4375,0.0468320846557617
0.0625,1.6875,1.4375,0.0897946357727051
0.0625,1.75,1.4375,0.0964787006378174
0.0625,1.8125,1.4375,0.133042097091675
0.0625,1.875,1.4375,0.0872993469238281
0.0625,1.9375,1.4375,0.0632920265197754
0.0625,0,1.5,0.0336918830871582
0.0625,0.0625,1.5,0.0314512252807617
0.0625,0.125,1.5,0.101936101913452
0.0625,0.1875,1.5,0.169096708297729
0.0625,0.25,1.5,0.190691232681274
0.0625,0.3125,1.5,0.0511238574981689
0.0625,0.375,1.5,0.155270576477051
0.0625,0.4375,1.5,0.0967803001403809
0.0625,0.5,1.5,0.0666768550872803
0.0625,0.5625,1.5,0.076357364654541
0.0625,0.625,1.5,0.0452444553375244
0.0625,0.6875,1.5,0.0477855205535889
0.0625,0.75,1.5,0.13972544670105
0.0625,0.8125,1.5,0.0624136924743652
0.0625,0.875,1.5,0.110308885574341
0.0625,0.9375,1.5,0.0991902351379395
0.0625,1,1.5,0.0293309688568115
0.0625,1.0625,1.5,0.0317606925964355
0.0625,1.125,1.5,0.122336626052856
0.0625,1.1875,1.5,0.113925457000732
0.0625,1.25,1.5,0.127197027206421
0.0625,1.3125,1.5,0.0888180732727051
0.0625,1.375,1.5,0.0736050605773926
0.0625,1.4375,1.5,0.0341129302978516
0.0625,1.5,1.5,0.211913108825684
0.0625,1.5625,1.5,0.144594430923462
0.0625,1.625,1.5,0.0648744106292725
0.0625,1.6875,1.5,0.0699410438537598
0.0625,1.75,1.5,0.0601711273193359
0.0625,1.8125,1.5,0.180599927902222
0.0625,1.875,1.5,0.0747251510620117
0.0625,1.9375,1.5,0.0368404388427734
0.0625,0,1.5625,0.207154750823975
0.0625,0.0625,1.5625,0.128849744796753
0.0625,0.125,1.5625,0.182785034179688
0.0625,0.1875,1.5625,0.0960719585418701
0.0625,0.25,1.5625,0.0656063556671143
0.0625,0.3125,1.5625,0.0619089603424072
0.0625,0.375,1.5625,0.166385889053345
0.0625,0.4375,1.5625,0.0685536861419678
0.0625,0.5,1.5625,0.0385267734527588
0.0625,0.5625,1.5625,0.0661563873291016
0.0625,0.625,1.5625,0.0883932113647461
0.0625,0.6875,1.5625,0.223102569580078
0.0625,0.75,1.5625,0.154524564743042
0.0625,0.8125,1.5625,0.097252368927002
0.0625,0.875,1.5625,0.0826542377471924
0.0625,0.9375,1.5625,0.0634162425994873
0.0625,1,1.5625,0.0385699272155762
0.0625,1.0625,1.5625,0.0353267192840576
0.0625,1.125,1.5625,0.10040545463562
0.0625,1.1875,1.5625,0.0912408828735352
0.0625,1.25,1.5625,0.0414397716522217
0.0625,1.3125,1.5625,0.0741705894470215
0.0625,1.375,1.5625,0.112837314605713
0.0625,1.4375,1.5625,0.127427339553833
0.0625,1.5,1.5625,0.148172616958618
0.0625,1.5625,1.5625,0.113883018493652
0.0625,1.625,1.5625,0.084632396697998
0.0625,1.6875,1.5625,0.0562338829040527
0.0625,1.75,1.5625,0.110062837600708
0.0625,1.8125,1.5625,0.168902635574341
0.0625,1.875,1.5625,0.0357558727264404
0.0625,1.9375,1.5625,0.0293803215026855
0.0625,0,1.625,0.278177261352539
0.0625,0.0625,1.625,0.277141809463501
0.0625,0.125,1.625,0.251680850982666
0.0625,0.1875,1.625,0.0520169734954834
0.0625,0.25,1.625,0.0645279884338379
0.0625,0.3125,1.625,0.0811553001403809
0.0625,0.375,1.625,0.16975998878479
0.0625,0.4375,1.625,0.0436253547668457
0.0625,0.5,1.625,0.0544064044952393
0.0625,0.5625,1.625,0.0239377021789551
0.0625,0.625,1.625,0.138840913772583
0.0625,0.6875,1.625,0.216698884963989
0.0625,0.75,1.625,0.100967407226562
0.0625,0.8125,1.625,0.137341499328613
0.0625,0.875,1.625,0.0620696544647217
0.0625,0.9375,1.625,0.0762465000152588
0.0625,1,1.625,0.0524256229400635
0.0625,1.0625,1.625,0.0377006530761719
0.0625,1.125,1.625,0.0182242393493652
0.0625,1.1875,1.625,0.0325391292572021
0.0625,1.25,1.625,0.0357193946838379
0.0625,1.3125,1.625,0.0369057655334473
0.0625,1.375,1.625,0.0356428623199463
0.0625,1.4375,1.625,0.0600266456604004
0.0625,1.5,1.625,0.0957725048065186
0.0625,1.5625,1.625,0.0598516464233398
0.0625,1.625,1.625,0.111111879348755
0.0625,1.6875,1.625,0.112988233566284
0.0625,1.75,1.625,0.159773826599121
0.0625,1.8125,1.625,0.11716628074646
0.0625,1.875,1.625,0.0534589290618896
0.0625,1.9375,1.625,0.0500590801239014
0.0625,0,1.6875,0.105129241943359
0.0625,0.0625,1.6875,0.0127546787261963
0.0625,0.125,1.6875,0.0342967510223389
0.0625,0.1875,1.6875,0.0390710830688477
0.0625,0.25,1.6875,0.0631678104400635
0.0625,0.3125,1.6875,0.113476753234863
0.0625,0.375,1.6875,0.217903614044189
0.0625,0.4375,1.6875,0.0229873657226562
0.0625,0.5,1.6875,0.0677881240844727
0.0625,0.5625,1.6875,0.102972507476807
0.0625,0.625,1.6875,0.113794088363647
0.0625,0.6875,1.6875,0.0271308422088623
0.0625,0.75,1.6875,0.0743236541748047
0.0625,0.8125,1.6875,0.134107112884521
0.0625,0.875,1.6875,0.0462405681610107
0.0625,0.9375,1.6875,0.0767154693603516
0.0625,1,1.6875,0.154206991195679
0.0625,1.0625,1.6875,0.0560109615325928
0.0625,1.125,1.6875,0.0662567615509033
0.0625,1.1875,1.6875,0.0521631240844727
0.0625,1.25,1.6875,0.0845324993133545
0.0625,1.3125,1.6875,0.0533814430236816
0.0625,1.375,1.6875,0.0339932441711426
0.0625,1.4375,1.6875,0.0479700565338135
0.0625,1.5,1.6875,0.0956156253814697
0.0625,1.5625,1.6875,0.0871689319610596
0.0625,1.625,1.6875,0.0408945083618164
0.0625,1.6875,1.6875,0.124030351638794
0.0625,1.75,1.6875,0.122768640518188
0.0625,1.8125,1.6875,0.0666677951812744
0.0625,1.875,1.6875,0.0194389820098877
0.0625,1.9375,1.6875,0.012812614440918
0.0625,0,1.75,0.200334072113037
0.0625,0.0625,1.75,0.0801174640655518
0.0625,0.125,1.75,0.0374743938446045
0.0625,0.1875,1.75,0.0303859710693359
0.0625,0.25,1.75,0.028942346572876
0.0625,0.3125,1.75,0.0903208255767822
0.0625,0.375,1.75,0.290541887283325
0.0625,0.4375,1.75,0.0718898773193359
0.0625,0.5,1.75,0.0610396862030029
0.0625,0.5625,1.75,0.0595030784606934
0.0625,0.625,1.75,0.0259561538696289
0.0625,0.6875,1.75,0.0306632518768311
0.0625,0.75,1.75,0.0417442321777344
0.0625,0.8125,1.75,0.0555691719055176
0.0625,0.875,1.75,0.0776524543762207
0.0625,0.9375,1.75,0.0821585655212402
0.0625,1,1.75,0.177616596221924
0.0625,1.0625,1.75,0.0451960563659668
0.0625,1.125,1.75,0.0910947322845459
0.0625,1.1875,1.75,0.139577150344849
0.0625,1.25,1.75,0.127662420272827
0.0625,1.3125,1.75,0.0582051277160645
0.0625,1.375,1.75,0.0452628135681152
0.0625,1.4375,1.75,0.046680212020874
0.0625,1.5,1.75,0.0521965026855469
0.0625,1.5625,1.75,0.102040767669678
0.0625,1.625,1.75,0.127549648284912
0.0625,1.6875,1.75,0.175365209579468
0.0625,1.75,1.75,0.0739259719848633
0.0625,1.8125,1.75,0.0289523601531982
0.0625,1.875,1.75,0.0308837890625
0.0625,1.9375,1.75,0.036435604095459
0.0625,0,1.8125,0.197770833969116
0.0625,0.0625,1.8125,0.0772504806518555
0.0625,0.125,1.8125,0.077512264251709
0.0625,0.1875,1.8125,0.0444064140319824
0.0625,0.25,1.8125,0.0560297966003418
0.0625,0.3125,1.8125,0.0567843914031982
0.0625,0.375,1.8125,0.254769086837769
0.0625,0.4375,1.8125,0.157706737518311
0.0625,0.5,1.8125,0.256586074829102
0.0625,0.5625,1.8125,0.208221197128296
0.0625,0.625,1.8125,0.0786581039428711
0.0625,0.6875,1.8125,0.0176906585693359
0.0625,0.75,1.8125,0.0288879871368408
0.0625,0.8125,1.8125,0.0698544979095459
0.0625,0.875,1.8125,0.0799779891967773
0.0625,0.9375,1.8125,0.0669119358062744
0.0625,1,1.8125,0.18684983253479
0.0625,1.0625,1.8125,0.0342321395874023
0.0625,1.125,1.8125,0.0236949920654297
0.0625,1.1875,1.8125,0.0179741382598877
0.0625,1.25,1.8125,0.0230579376220703
0.0625,1.3125,1.8125,0.0714576244354248
0.0625,1.375,1.8125,0.0318830013275146
0.0625,1.4375,1.8125,0.0442831516265869
0.0625,1.5,1.8125,0.0394065380096436
0.0625,1.5625,1.8125,0.0371239185333252
0.0625,1.625,1.8125,0.0747630596160889
0.0625,1.6875,1.8125,0.0413618087768555
0.0625,1.75,1.8125,0.0204298496246338
0.0625,1.8125,1.8125,0.0209522247314453
0.0625,1.875,1.8125,0.0227291584014893
0.0625,1.9375,1.8125,0.0703356266021729
0.0625,0,1.875,0.0583009719848633
0.0625,0.0625,1.875,0.00911378860473633
0.0625,0.125,1.875,0.0421004295349121
0.0625,0.1875,1.875,0.0241193771362305
0.0625,0.25,1.875,0.0608203411102295
0.0625,0.3125,1.875,0.0647566318511963
0.0625,0.375,1.875,0.236981868743896
0.0625,0.4375,1.875,0.260142803192139
0.0625,0.5,1.875,0.284675598144531
0.0625,0.5625,1.875,0.129901170730591
0.0625,0.625,1.875,0.249921321868896
0.0625,0.6875,1.875,0.273237705230713
0.0625,0.75,1.875,0.331906318664551
0.0625,0.8125,1.875,0.350149154663086
0.0625,0.875,1.875,0.331154584884644
0.0625,0.9375,1.875,0.305335521697998
0.0625,1,1.875,0.235613584518433
0.0625,1.0625,1.875,0.211981058120728
0.0625,1.125,1.875,0.0669670104980469
0.0625,1.1875,1.875,0.383017063140869
0.0625,1.25,1.875,0.371870756149292
0.0625,1.3125,1.875,0.0638008117675781
0.0625,1.375,1.875,0.0243911743164062
0.0625,1.4375,1.875,0.0359532833099365
0.0625,1.5,1.875,0.0299818515777588
0.0625,1.5625,1.875,0.0453457832336426
0.0625,1.625,1.875,0.0556039810180664
0.0625,1.6875,1.875,0.0307483673095703
0.0625,1.75,1.875,0.0195431709289551
0.0625,1.8125,1.875,0.0150017738342285
0.0625,1.875,1.875,0.0249099731445312
0.0625,1.9375,1.875,0.0627143383026123
0.0625,0,1.9375,0.0725982189178467
0.0625,0.0625,1.9375,0.106165885925293
0.0625,0.125,1.9375,0.0959994792938232
0.0625,0.1875,1.9375,0.0877969264984131
0.0625,0.25,1.9375,0.127437114715576
0.0625,0.3125,1.9375,0.132406234741211
0.0625,0.375,1.9375,0.0654566287994385
0.0625,0.4375,1.9375,0.0669488906860352
0.0625,0.5,1.9375,0.0851941108703613
0.0625,0.5625,1.9375,0.0924005508422852
0.0625,0.625,1.9375,0.0767598152160645
0.0625,0.6875,1.9375,0.420774698257446
0.0625,0.75,1.9375,0.427300453186035
0.0625,0.8125,1.9375,0.0893042087554932
0.0625,0.875,1.9375,0.0857253074645996
0.0625,0.9375,1.9375,0.226157903671265
0.0625,1,1.9375,0.216650724411011
0.0625,1.0625,1.9375,0.336003303527832
0.0625,1.125,1.9375,0.358409404754639
0.0625,1.1875,1.9375,0.350134611129761
0.0625,1.25,1.9375,0.49372124671936
0.0625,1.3125,1.9375,0.414257764816284
0.0625,1.375,1.9375,0.0580317974090576
0.0625,1.4375,1.9375,0.0567231178283691
0.0625,1.5,1.9375,0.074580192565918
0.0625,1.5625,1.9375,0.036968469619751
0.0625,1.625,1.9375,0.074321985244751
0.0625,1.6875,1.9375,0.0663158893585205
0.0625,1.75,1.9375,0.0314180850982666
0.0625,1.8125,1.9375,0.031641960144043
0.0625,1.875,1.9375,0.0173516273498535
0.0625,1.9375,1.9375,0.0266451835632324
